,time
0,0.0
1,0.0039062
2,0.0078125
3,0.011719
4,0.015625
5,0.019531
6,0.023438
7,0.027344
8,0.03125
9,0.035156
10,0.039062
11,0.042969
12,0.046875
13,0.050781
14,0.054688
15,0.058594
16,0.0625
17,0.066406
18,0.070312
19,0.074219
20,0.078125
21,0.082031
22,0.085938
23,0.089844
24,0.09375
25,0.097656
26,0.10156
27,0.10547
28,0.10938
29,0.11328
30,0.11719
31,0.12109
32,0.125
33,0.12891
34,0.13281
35,0.13672
36,0.14062
37,0.14453
38,0.14844
39,0.15234
40,0.15625
41,0.16016
42,0.16406
43,0.16797
44,0.17188
45,0.17578
46,0.17969
47,0.18359
48,0.1875
49,0.19141
50,0.19531
51,0.19922
52,0.20312
53,0.20703
54,0.21094
55,0.21484
56,0.21875
57,0.22266
58,0.22656
59,0.23047
60,0.23438
61,0.23828
62,0.24219
63,0.24609
64,0.25
65,0.25391
66,0.25781
67,0.26172
68,0.26562
69,0.26953
70,0.27344
71,0.27734
72,0.28125
73,0.28516
74,0.28906
75,0.29297
76,0.29688
77,0.30078
78,0.30469
79,0.30859
80,0.3125
81,0.31641
82,0.32031
83,0.32422
84,0.32812
85,0.33203
86,0.33594
87,0.33984
88,0.34375
89,0.34766
90,0.35156
91,0.35547
92,0.35938
93,0.36328
94,0.36719
95,0.37109
96,0.375
97,0.37891
98,0.38281
99,0.38672
100,0.39062
101,0.39453
102,0.39844
103,0.40234
104,0.40625
105,0.41016
106,0.41406
107,0.41797
108,0.42188
109,0.42578
110,0.42969
111,0.43359
112,0.4375
113,0.44141
114,0.44531
115,0.44922
116,0.45312
117,0.45703
118,0.46094
119,0.46484
120,0.46875
121,0.47266
122,0.47656
123,0.48047
124,0.48438
125,0.48828
126,0.49219
127,0.49609
128,0.5
129,0.50391
130,0.50781
131,0.51172
132,0.51562
133,0.51953
134,0.52344
135,0.52734
136,0.53125
137,0.53516
138,0.53906
139,0.54297
140,0.54688
141,0.55078
142,0.55469
143,0.55859
144,0.5625
145,0.56641
146,0.57031
147,0.57422
148,0.57812
149,0.58203
150,0.58594
151,0.58984
152,0.59375
153,0.59766
154,0.60156
155,0.60547
156,0.60938
157,0.61328
158,0.61719
159,0.62109
160,0.625
161,0.62891
162,0.63281
163,0.63672
164,0.64062
165,0.64453
166,0.64844
167,0.65234
168,0.65625
169,0.66016
170,0.66406
171,0.66797
172,0.67188
173,0.67578
174,0.67969
175,0.68359
176,0.6875
177,0.69141
178,0.69531
179,0.69922
180,0.70312
181,0.70703
182,0.71094
183,0.71484
184,0.71875
185,0.72266
186,0.72656
187,0.73047
188,0.73438
189,0.73828
190,0.74219
191,0.74609
192,0.75
193,0.75391
194,0.75781
195,0.76172
196,0.76562
197,0.76953
198,0.77344
199,0.77734
200,0.78125
201,0.78516
202,0.78906
203,0.79297
204,0.79688
205,0.80078
206,0.80469
207,0.80859
208,0.8125
209,0.81641
210,0.82031
211,0.82422
212,0.82812
213,0.83203
214,0.83594
215,0.83984
216,0.84375
217,0.84766
218,0.85156
219,0.85547
220,0.85938
221,0.86328
222,0.86719
223,0.87109
224,0.875
225,0.87891
226,0.88281
227,0.88672
228,0.89062
229,0.89453
230,0.89844
231,0.90234
232,0.90625
233,0.91016
234,0.91406
235,0.91797
236,0.92188
237,0.92578
238,0.92969
239,0.93359
240,0.9375
241,0.94141
242,0.94531
243,0.94922
244,0.95312
245,0.95703
246,0.96094
247,0.96484
248,0.96875
249,0.97266
250,0.97656
251,0.98047
252,0.98438
253,0.98828
254,0.99219
255,0.99609
256,1.0
257,1.0039
258,1.0078
259,1.0117
260,1.0156
261,1.0195
262,1.0234
263,1.0273
264,1.0312
265,1.0352
266,1.0391
267,1.043
268,1.0469
269,1.0508
270,1.0547
271,1.0586
272,1.0625
273,1.0664
274,1.0703
275,1.0742
276,1.0781
277,1.082
278,1.0859
279,1.0898
280,1.0938
281,1.0977
282,1.1016
283,1.1055
284,1.1094
285,1.1133
286,1.1172
287,1.1211
288,1.125
289,1.1289
290,1.1328
291,1.1367
292,1.1406
293,1.1445
294,1.1484
295,1.1523
296,1.1562
297,1.1602
298,1.1641
299,1.168
300,1.1719
301,1.1758
302,1.1797
303,1.1836
304,1.1875
305,1.1914
306,1.1953
307,1.1992
308,1.2031
309,1.207
310,1.2109
311,1.2148
312,1.2188
313,1.2227
314,1.2266
315,1.2305
316,1.2344
317,1.2383
318,1.2422
319,1.2461
320,1.25
321,1.2539
322,1.2578
323,1.2617
324,1.2656
325,1.2695
326,1.2734
327,1.2773
328,1.2812
329,1.2852
330,1.2891
331,1.293
332,1.2969
333,1.3008
334,1.3047
335,1.3086
336,1.3125
337,1.3164
338,1.3203
339,1.3242
340,1.3281
341,1.332
342,1.3359
343,1.3398
344,1.3438
345,1.3477
346,1.3516
347,1.3555
348,1.3594
349,1.3633
350,1.3672
351,1.3711
352,1.375
353,1.3789
354,1.3828
355,1.3867
356,1.3906
357,1.3945
358,1.3984
359,1.4023
360,1.4062
361,1.4102
362,1.4141
363,1.418
364,1.4219
365,1.4258
366,1.4297
367,1.4336
368,1.4375
369,1.4414
370,1.4453
371,1.4492
372,1.4531
373,1.457
374,1.4609
375,1.4648
376,1.4688
377,1.4727
378,1.4766
379,1.4805
380,1.4844
381,1.4883
382,1.4922
383,1.4961
384,1.5
385,1.5039
386,1.5078
387,1.5117
388,1.5156
389,1.5195
390,1.5234
391,1.5273
392,1.5312
393,1.5352
394,1.5391
395,1.543
396,1.5469
397,1.5508
398,1.5547
399,1.5586
400,1.5625
401,1.5664
402,1.5703
403,1.5742
404,1.5781
405,1.582
406,1.5859
407,1.5898
408,1.5938
409,1.5977
410,1.6016
411,1.6055
412,1.6094
413,1.6133
414,1.6172
415,1.6211
416,1.625
417,1.6289
418,1.6328
419,1.6367
420,1.6406
421,1.6445
422,1.6484
423,1.6523
424,1.6562
425,1.6602
426,1.6641
427,1.668
428,1.6719
429,1.6758
430,1.6797
431,1.6836
432,1.6875
433,1.6914
434,1.6953
435,1.6992
436,1.7031
437,1.707
438,1.7109
439,1.7148
440,1.7188
441,1.7227
442,1.7266
443,1.7305
444,1.7344
445,1.7383
446,1.7422
447,1.7461
448,1.75
449,1.7539
450,1.7578
451,1.7617
452,1.7656
453,1.7695
454,1.7734
455,1.7773
456,1.7812
457,1.7852
458,1.7891
459,1.793
460,1.7969
461,1.8008
462,1.8047
463,1.8086
464,1.8125
465,1.8164
466,1.8203
467,1.8242
468,1.8281
469,1.832
470,1.8359
471,1.8398
472,1.8438
473,1.8477
474,1.8516
475,1.8555
476,1.8594
477,1.8633
478,1.8672
479,1.8711
480,1.875
481,1.8789
482,1.8828
483,1.8867
484,1.8906
485,1.8945
486,1.8984
487,1.9023
488,1.9062
489,1.9102
490,1.9141
491,1.918
492,1.9219
493,1.9258
494,1.9297
495,1.9336
496,1.9375
497,1.9414
498,1.9453
499,1.9492
500,1.9531
501,1.957
502,1.9609
503,1.9648
504,1.9688
505,1.9727
506,1.9766
507,1.9805
508,1.9844
509,1.9883
510,1.9922
511,1.9961
512,2.0
513,2.0039
514,2.0078
515,2.0117
516,2.0156
517,2.0195
518,2.0234
519,2.0273
520,2.0312
521,2.0352
522,2.0391
523,2.043
524,2.0469
525,2.0508
526,2.0547
527,2.0586
528,2.0625
529,2.0664
530,2.0703
531,2.0742
532,2.0781
533,2.082
534,2.0859
535,2.0898
536,2.0938
537,2.0977
538,2.1016
539,2.1055
540,2.1094
541,2.1133
542,2.1172
543,2.1211
544,2.125
545,2.1289
546,2.1328
547,2.1367
548,2.1406
549,2.1445
550,2.1484
551,2.1523
552,2.1562
553,2.1602
554,2.1641
555,2.168
556,2.1719
557,2.1758
558,2.1797
559,2.1836
560,2.1875
561,2.1914
562,2.1953
563,2.1992
564,2.2031
565,2.207
566,2.2109
567,2.2148
568,2.2188
569,2.2227
570,2.2266
571,2.2305
572,2.2344
573,2.2383
574,2.2422
575,2.2461
576,2.25
577,2.2539
578,2.2578
579,2.2617
580,2.2656
581,2.2695
582,2.2734
583,2.2773
584,2.2812
585,2.2852
586,2.2891
587,2.293
588,2.2969
589,2.3008
590,2.3047
591,2.3086
592,2.3125
593,2.3164
594,2.3203
595,2.3242
596,2.3281
597,2.332
598,2.3359
599,2.3398
600,2.3438
601,2.3477
602,2.3516
603,2.3555
604,2.3594
605,2.3633
606,2.3672
607,2.3711
608,2.375
609,2.3789
610,2.3828
611,2.3867
612,2.3906
613,2.3945
614,2.3984
615,2.4023
616,2.4062
617,2.4102
618,2.4141
619,2.418
620,2.4219
621,2.4258
622,2.4297
623,2.4336
624,2.4375
625,2.4414
626,2.4453
627,2.4492
628,2.4531
629,2.457
630,2.4609
631,2.4648
632,2.4688
633,2.4727
634,2.4766
635,2.4805
636,2.4844
637,2.4883
638,2.4922
639,2.4961
640,2.5
641,2.5039
642,2.5078
643,2.5117
644,2.5156
645,2.5195
646,2.5234
647,2.5273
648,2.5312
649,2.5352
650,2.5391
651,2.543
652,2.5469
653,2.5508
654,2.5547
655,2.5586
656,2.5625
657,2.5664
658,2.5703
659,2.5742
660,2.5781
661,2.582
662,2.5859
663,2.5898
664,2.5938
665,2.5977
666,2.6016
667,2.6055
668,2.6094
669,2.6133
670,2.6172
671,2.6211
672,2.625
673,2.6289
674,2.6328
675,2.6367
676,2.6406
677,2.6445
678,2.6484
679,2.6523
680,2.6562
681,2.6602
682,2.6641
683,2.668
684,2.6719
685,2.6758
686,2.6797
687,2.6836
688,2.6875
689,2.6914
690,2.6953
691,2.6992
692,2.7031
693,2.707
694,2.7109
695,2.7148
696,2.7188
697,2.7227
698,2.7266
699,2.7305
700,2.7344
701,2.7383
702,2.7422
703,2.7461
704,2.75
705,2.7539
706,2.7578
707,2.7617
708,2.7656
709,2.7695
710,2.7734
711,2.7773
712,2.7812
713,2.7852
714,2.7891
715,2.793
716,2.7969
717,2.8008
718,2.8047
719,2.8086
720,2.8125
721,2.8164
722,2.8203
723,2.8242
724,2.8281
725,2.832
726,2.8359
727,2.8398
728,2.8438
729,2.8477
730,2.8516
731,2.8555
732,2.8594
733,2.8633
734,2.8672
735,2.8711
736,2.875
737,2.8789
738,2.8828
739,2.8867
740,2.8906
741,2.8945
742,2.8984
743,2.9023
744,2.9062
745,2.9102
746,2.9141
747,2.918
748,2.9219
749,2.9258
750,2.9297
751,2.9336
752,2.9375
753,2.9414
754,2.9453
755,2.9492
756,2.9531
757,2.957
758,2.9609
759,2.9648
760,2.9688
761,2.9727
762,2.9766
763,2.9805
764,2.9844
765,2.9883
766,2.9922
767,2.9961
768,3.0
769,3.0039
770,3.0078
771,3.0117
772,3.0156
773,3.0195
774,3.0234
775,3.0273
776,3.0312
777,3.0352
778,3.0391
779,3.043
780,3.0469
781,3.0508
782,3.0547
783,3.0586
784,3.0625
785,3.0664
786,3.0703
787,3.0742
788,3.0781
789,3.082
790,3.0859
791,3.0898
792,3.0938
793,3.0977
794,3.1016
795,3.1055
796,3.1094
797,3.1133
798,3.1172
799,3.1211
800,3.125
801,3.1289
802,3.1328
803,3.1367
804,3.1406
805,3.1445
806,3.1484
807,3.1523
808,3.1562
809,3.1602
810,3.1641
811,3.168
812,3.1719
813,3.1758
814,3.1797
815,3.1836
816,3.1875
817,3.1914
818,3.1953
819,3.1992
820,3.2031
821,3.207
822,3.2109
823,3.2148
824,3.2188
825,3.2227
826,3.2266
827,3.2305
828,3.2344
829,3.2383
830,3.2422
831,3.2461
832,3.25
833,3.2539
834,3.2578
835,3.2617
836,3.2656
837,3.2695
838,3.2734
839,3.2773
840,3.2812
841,3.2852
842,3.2891
843,3.293
844,3.2969
845,3.3008
846,3.3047
847,3.3086
848,3.3125
849,3.3164
850,3.3203
851,3.3242
852,3.3281
853,3.332
854,3.3359
855,3.3398
856,3.3438
857,3.3477
858,3.3516
859,3.3555
860,3.3594
861,3.3633
862,3.3672
863,3.3711
864,3.375
865,3.3789
866,3.3828
867,3.3867
868,3.3906
869,3.3945
870,3.3984
871,3.4023
872,3.4062
873,3.4102
874,3.4141
875,3.418
876,3.4219
877,3.4258
878,3.4297
879,3.4336
880,3.4375
881,3.4414
882,3.4453
883,3.4492
884,3.4531
885,3.457
886,3.4609
887,3.4648
888,3.4688
889,3.4727
890,3.4766
891,3.4805
892,3.4844
893,3.4883
894,3.4922
895,3.4961
896,3.5
897,3.5039
898,3.5078
899,3.5117
900,3.5156
901,3.5195
902,3.5234
903,3.5273
904,3.5312
905,3.5352
906,3.5391
907,3.543
908,3.5469
909,3.5508
910,3.5547
911,3.5586
912,3.5625
913,3.5664
914,3.5703
915,3.5742
916,3.5781
917,3.582
918,3.5859
919,3.5898
920,3.5938
921,3.5977
922,3.6016
923,3.6055
924,3.6094
925,3.6133
926,3.6172
927,3.6211
928,3.625
929,3.6289
930,3.6328
931,3.6367
932,3.6406
933,3.6445
934,3.6484
935,3.6523
936,3.6562
937,3.6602
938,3.6641
939,3.668
940,3.6719
941,3.6758
942,3.6797
943,3.6836
944,3.6875
945,3.6914
946,3.6953
947,3.6992
948,3.7031
949,3.707
950,3.7109
951,3.7148
952,3.7188
953,3.7227
954,3.7266
955,3.7305
956,3.7344
957,3.7383
958,3.7422
959,3.7461
960,3.75
961,3.7539
962,3.7578
963,3.7617
964,3.7656
965,3.7695
966,3.7734
967,3.7773
968,3.7812
969,3.7852
970,3.7891
971,3.793
972,3.7969
973,3.8008
974,3.8047
975,3.8086
976,3.8125
977,3.8164
978,3.8203
979,3.8242
980,3.8281
981,3.832
982,3.8359
983,3.8398
984,3.8438
985,3.8477
986,3.8516
987,3.8555
988,3.8594
989,3.8633
990,3.8672
991,3.8711
992,3.875
993,3.8789
994,3.8828
995,3.8867
996,3.8906
997,3.8945
998,3.8984
999,3.9023
1000,3.9062
1001,3.9102
1002,3.9141
1003,3.918
1004,3.9219
1005,3.9258
1006,3.9297
1007,3.9336
1008,3.9375
1009,3.9414
1010,3.9453
1011,3.9492
1012,3.9531
1013,3.957
1014,3.9609
1015,3.9648
1016,3.9688
1017,3.9727
1018,3.9766
1019,3.9805
1020,3.9844
1021,3.9883
1022,3.9922
1023,3.9961
1024,4.0
1025,4.0039
1026,4.0078
1027,4.0117
1028,4.0156
1029,4.0195
1030,4.0234
1031,4.0273
1032,4.0312
1033,4.0352
1034,4.0391
1035,4.043
1036,4.0469
1037,4.0508
1038,4.0547
1039,4.0586
1040,4.0625
1041,4.0664
1042,4.0703
1043,4.0742
1044,4.0781
1045,4.082
1046,4.0859
1047,4.0898
1048,4.0938
1049,4.0977
1050,4.1016
1051,4.1055
1052,4.1094
1053,4.1133
1054,4.1172
1055,4.1211
1056,4.125
1057,4.1289
1058,4.1328
1059,4.1367
1060,4.1406
1061,4.1445
1062,4.1484
1063,4.1523
1064,4.1562
1065,4.1602
1066,4.1641
1067,4.168
1068,4.1719
1069,4.1758
1070,4.1797
1071,4.1836
1072,4.1875
1073,4.1914
1074,4.1953
1075,4.1992
1076,4.2031
1077,4.207
1078,4.2109
1079,4.2148
1080,4.2188
1081,4.2227
1082,4.2266
1083,4.2305
1084,4.2344
1085,4.2383
1086,4.2422
1087,4.2461
1088,4.25
1089,4.2539
1090,4.2578
1091,4.2617
1092,4.2656
1093,4.2695
1094,4.2734
1095,4.2773
1096,4.2812
1097,4.2852
1098,4.2891
1099,4.293
1100,4.2969
1101,4.3008
1102,4.3047
1103,4.3086
1104,4.3125
1105,4.3164
1106,4.3203
1107,4.3242
1108,4.3281
1109,4.332
1110,4.3359
1111,4.3398
1112,4.3438
1113,4.3477
1114,4.3516
1115,4.3555
1116,4.3594
1117,4.3633
1118,4.3672
1119,4.3711
1120,4.375
1121,4.3789
1122,4.3828
1123,4.3867
1124,4.3906
1125,4.3945
1126,4.3984
1127,4.4023
1128,4.4062
1129,4.4102
1130,4.4141
1131,4.418
1132,4.4219
1133,4.4258
1134,4.4297
1135,4.4336
1136,4.4375
1137,4.4414
1138,4.4453
1139,4.4492
1140,4.4531
1141,4.457
1142,4.4609
1143,4.4648
1144,4.4688
1145,4.4727
1146,4.4766
1147,4.4805
1148,4.4844
1149,4.4883
1150,4.4922
1151,4.4961
1152,4.5
1153,4.5039
1154,4.5078
1155,4.5117
1156,4.5156
1157,4.5195
1158,4.5234
1159,4.5273
1160,4.5312
1161,4.5352
1162,4.5391
1163,4.543
1164,4.5469
1165,4.5508
1166,4.5547
1167,4.5586
1168,4.5625
1169,4.5664
1170,4.5703
1171,4.5742
1172,4.5781
1173,4.582
1174,4.5859
1175,4.5898
1176,4.5938
1177,4.5977
1178,4.6016
1179,4.6055
1180,4.6094
1181,4.6133
1182,4.6172
1183,4.6211
1184,4.625
1185,4.6289
1186,4.6328
1187,4.6367
1188,4.6406
1189,4.6445
1190,4.6484
1191,4.6523
1192,4.6562
1193,4.6602
1194,4.6641
1195,4.668
1196,4.6719
1197,4.6758
1198,4.6797
1199,4.6836
1200,4.6875
1201,4.6914
1202,4.6953
1203,4.6992
1204,4.7031
1205,4.707
1206,4.7109
1207,4.7148
1208,4.7188
1209,4.7227
1210,4.7266
1211,4.7305
1212,4.7344
1213,4.7383
1214,4.7422
1215,4.7461
1216,4.75
1217,4.7539
1218,4.7578
1219,4.7617
1220,4.7656
1221,4.7695
1222,4.7734
1223,4.7773
1224,4.7812
1225,4.7852
1226,4.7891
1227,4.793
1228,4.7969
1229,4.8008
1230,4.8047
1231,4.8086
1232,4.8125
1233,4.8164
1234,4.8203
1235,4.8242
1236,4.8281
1237,4.832
1238,4.8359
1239,4.8398
1240,4.8438
1241,4.8477
1242,4.8516
1243,4.8555
1244,4.8594
1245,4.8633
1246,4.8672
1247,4.8711
1248,4.875
1249,4.8789
1250,4.8828
1251,4.8867
1252,4.8906
1253,4.8945
1254,4.8984
1255,4.9023
1256,4.9062
1257,4.9102
1258,4.9141
1259,4.918
1260,4.9219
1261,4.9258
1262,4.9297
1263,4.9336
1264,4.9375
1265,4.9414
1266,4.9453
1267,4.9492
1268,4.9531
1269,4.957
1270,4.9609
1271,4.9648
1272,4.9688
1273,4.9727
1274,4.9766
1275,4.9805
1276,4.9844
1277,4.9883
1278,4.9922
1279,4.9961
1280,5.0
1281,5.0039
1282,5.0078
1283,5.0117
1284,5.0156
1285,5.0195
1286,5.0234
1287,5.0273
1288,5.0312
1289,5.0352
1290,5.0391
1291,5.043
1292,5.0469
1293,5.0508
1294,5.0547
1295,5.0586
1296,5.0625
1297,5.0664
1298,5.0703
1299,5.0742
1300,5.0781
1301,5.082
1302,5.0859
1303,5.0898
1304,5.0938
1305,5.0977
1306,5.1016
1307,5.1055
1308,5.1094
1309,5.1133
1310,5.1172
1311,5.1211
1312,5.125
1313,5.1289
1314,5.1328
1315,5.1367
1316,5.1406
1317,5.1445
1318,5.1484
1319,5.1523
1320,5.1562
1321,5.1602
1322,5.1641
1323,5.168
1324,5.1719
1325,5.1758
1326,5.1797
1327,5.1836
1328,5.1875
1329,5.1914
1330,5.1953
1331,5.1992
1332,5.2031
1333,5.207
1334,5.2109
1335,5.2148
1336,5.2188
1337,5.2227
1338,5.2266
1339,5.2305
1340,5.2344
1341,5.2383
1342,5.2422
1343,5.2461
1344,5.25
1345,5.2539
1346,5.2578
1347,5.2617
1348,5.2656
1349,5.2695
1350,5.2734
1351,5.2773
1352,5.2812
1353,5.2852
1354,5.2891
1355,5.293
1356,5.2969
1357,5.3008
1358,5.3047
1359,5.3086
1360,5.3125
1361,5.3164
1362,5.3203
1363,5.3242
1364,5.3281
1365,5.332
1366,5.3359
1367,5.3398
1368,5.3438
1369,5.3477
1370,5.3516
1371,5.3555
1372,5.3594
1373,5.3633
1374,5.3672
1375,5.3711
1376,5.375
1377,5.3789
1378,5.3828
1379,5.3867
1380,5.3906
1381,5.3945
1382,5.3984
1383,5.4023
1384,5.4062
1385,5.4102
1386,5.4141
1387,5.418
1388,5.4219
1389,5.4258
1390,5.4297
1391,5.4336
1392,5.4375
1393,5.4414
1394,5.4453
1395,5.4492
1396,5.4531
1397,5.457
1398,5.4609
1399,5.4648
1400,5.4688
1401,5.4727
1402,5.4766
1403,5.4805
1404,5.4844
1405,5.4883
1406,5.4922
1407,5.4961
1408,5.5
1409,5.5039
1410,5.5078
1411,5.5117
1412,5.5156
1413,5.5195
1414,5.5234
1415,5.5273
1416,5.5312
1417,5.5352
1418,5.5391
1419,5.543
1420,5.5469
1421,5.5508
1422,5.5547
1423,5.5586
1424,5.5625
1425,5.5664
1426,5.5703
1427,5.5742
1428,5.5781
1429,5.582
1430,5.5859
1431,5.5898
1432,5.5938
1433,5.5977
1434,5.6016
1435,5.6055
1436,5.6094
1437,5.6133
1438,5.6172
1439,5.6211
1440,5.625
1441,5.6289
1442,5.6328
1443,5.6367
1444,5.6406
1445,5.6445
1446,5.6484
1447,5.6523
1448,5.6562
1449,5.6602
1450,5.6641
1451,5.668
1452,5.6719
1453,5.6758
1454,5.6797
1455,5.6836
1456,5.6875
1457,5.6914
1458,5.6953
1459,5.6992
1460,5.7031
1461,5.707
1462,5.7109
1463,5.7148
1464,5.7188
1465,5.7227
1466,5.7266
1467,5.7305
1468,5.7344
1469,5.7383
1470,5.7422
1471,5.7461
1472,5.75
1473,5.7539
1474,5.7578
1475,5.7617
1476,5.7656
1477,5.7695
1478,5.7734
1479,5.7773
1480,5.7812
1481,5.7852
1482,5.7891
1483,5.793
1484,5.7969
1485,5.8008
1486,5.8047
1487,5.8086
1488,5.8125
1489,5.8164
1490,5.8203
1491,5.8242
1492,5.8281
1493,5.832
1494,5.8359
1495,5.8398
1496,5.8438
1497,5.8477
1498,5.8516
1499,5.8555
1500,5.8594
1501,5.8633
1502,5.8672
1503,5.8711
1504,5.875
1505,5.8789
1506,5.8828
1507,5.8867
1508,5.8906
1509,5.8945
1510,5.8984
1511,5.9023
1512,5.9062
1513,5.9102
1514,5.9141
1515,5.918
1516,5.9219
1517,5.9258
1518,5.9297
1519,5.9336
1520,5.9375
1521,5.9414
1522,5.9453
1523,5.9492
1524,5.9531
1525,5.957
1526,5.9609
1527,5.9648
1528,5.9688
1529,5.9727
1530,5.9766
1531,5.9805
1532,5.9844
1533,5.9883
1534,5.9922
1535,5.9961
1536,6.0
1537,6.0039
1538,6.0078
1539,6.0117
1540,6.0156
1541,6.0195
1542,6.0234
1543,6.0273
1544,6.0312
1545,6.0352
1546,6.0391
1547,6.043
1548,6.0469
1549,6.0508
1550,6.0547
1551,6.0586
1552,6.0625
1553,6.0664
1554,6.0703
1555,6.0742
1556,6.0781
1557,6.082
1558,6.0859
1559,6.0898
1560,6.0938
1561,6.0977
1562,6.1016
1563,6.1055
1564,6.1094
1565,6.1133
1566,6.1172
1567,6.1211
1568,6.125
1569,6.1289
1570,6.1328
1571,6.1367
1572,6.1406
1573,6.1445
1574,6.1484
1575,6.1523
1576,6.1562
1577,6.1602
1578,6.1641
1579,6.168
1580,6.1719
1581,6.1758
1582,6.1797
1583,6.1836
1584,6.1875
1585,6.1914
1586,6.1953
1587,6.1992
1588,6.2031
1589,6.207
1590,6.2109
1591,6.2148
1592,6.2188
1593,6.2227
1594,6.2266
1595,6.2305
1596,6.2344
1597,6.2383
1598,6.2422
1599,6.2461
1600,6.25
1601,6.2539
1602,6.2578
1603,6.2617
1604,6.2656
1605,6.2695
1606,6.2734
1607,6.2773
1608,6.2812
1609,6.2852
1610,6.2891
1611,6.293
1612,6.2969
1613,6.3008
1614,6.3047
1615,6.3086
1616,6.3125
1617,6.3164
1618,6.3203
1619,6.3242
1620,6.3281
1621,6.332
1622,6.3359
1623,6.3398
1624,6.3438
1625,6.3477
1626,6.3516
1627,6.3555
1628,6.3594
1629,6.3633
1630,6.3672
1631,6.3711
1632,6.375
1633,6.3789
1634,6.3828
1635,6.3867
1636,6.3906
1637,6.3945
1638,6.3984
1639,6.4023
1640,6.4062
1641,6.4102
1642,6.4141
1643,6.418
1644,6.4219
1645,6.4258
1646,6.4297
1647,6.4336
1648,6.4375
1649,6.4414
1650,6.4453
1651,6.4492
1652,6.4531
1653,6.457
1654,6.4609
1655,6.4648
1656,6.4688
1657,6.4727
1658,6.4766
1659,6.4805
1660,6.4844
1661,6.4883
1662,6.4922
1663,6.4961
1664,6.5
1665,6.5039
1666,6.5078
1667,6.5117
1668,6.5156
1669,6.5195
1670,6.5234
1671,6.5273
1672,6.5312
1673,6.5352
1674,6.5391
1675,6.543
1676,6.5469
1677,6.5508
1678,6.5547
1679,6.5586
1680,6.5625
1681,6.5664
1682,6.5703
1683,6.5742
1684,6.5781
1685,6.582
1686,6.5859
1687,6.5898
1688,6.5938
1689,6.5977
1690,6.6016
1691,6.6055
1692,6.6094
1693,6.6133
1694,6.6172
1695,6.6211
1696,6.625
1697,6.6289
1698,6.6328
1699,6.6367
1700,6.6406
1701,6.6445
1702,6.6484
1703,6.6523
1704,6.6562
1705,6.6602
1706,6.6641
1707,6.668
1708,6.6719
1709,6.6758
1710,6.6797
1711,6.6836
1712,6.6875
1713,6.6914
1714,6.6953
1715,6.6992
1716,6.7031
1717,6.707
1718,6.7109
1719,6.7148
1720,6.7188
1721,6.7227
1722,6.7266
1723,6.7305
1724,6.7344
1725,6.7383
1726,6.7422
1727,6.7461
1728,6.75
1729,6.7539
1730,6.7578
1731,6.7617
1732,6.7656
1733,6.7695
1734,6.7734
1735,6.7773
1736,6.7812
1737,6.7852
1738,6.7891
1739,6.793
1740,6.7969
1741,6.8008
1742,6.8047
1743,6.8086
1744,6.8125
1745,6.8164
1746,6.8203
1747,6.8242
1748,6.8281
1749,6.832
1750,6.8359
1751,6.8398
1752,6.8438
1753,6.8477
1754,6.8516
1755,6.8555
1756,6.8594
1757,6.8633
1758,6.8672
1759,6.8711
1760,6.875
1761,6.8789
1762,6.8828
1763,6.8867
1764,6.8906
1765,6.8945
1766,6.8984
1767,6.9023
1768,6.9062
1769,6.9102
1770,6.9141
1771,6.918
1772,6.9219
1773,6.9258
1774,6.9297
1775,6.9336
1776,6.9375
1777,6.9414
1778,6.9453
1779,6.9492
1780,6.9531
1781,6.957
1782,6.9609
1783,6.9648
1784,6.9688
1785,6.9727
1786,6.9766
1787,6.9805
1788,6.9844
1789,6.9883
1790,6.9922
1791,6.9961
1792,7.0
1793,7.0039
1794,7.0078
1795,7.0117
1796,7.0156
1797,7.0195
1798,7.0234
1799,7.0273
1800,7.0312
1801,7.0352
1802,7.0391
1803,7.043
1804,7.0469
1805,7.0508
1806,7.0547
1807,7.0586
1808,7.0625
1809,7.0664
1810,7.0703
1811,7.0742
1812,7.0781
1813,7.082
1814,7.0859
1815,7.0898
1816,7.0938
1817,7.0977
1818,7.1016
1819,7.1055
1820,7.1094
1821,7.1133
1822,7.1172
1823,7.1211
1824,7.125
1825,7.1289
1826,7.1328
1827,7.1367
1828,7.1406
1829,7.1445
1830,7.1484
1831,7.1523
1832,7.1562
1833,7.1602
1834,7.1641
1835,7.168
1836,7.1719
1837,7.1758
1838,7.1797
1839,7.1836
1840,7.1875
1841,7.1914
1842,7.1953
1843,7.1992
1844,7.2031
1845,7.207
1846,7.2109
1847,7.2148
1848,7.2188
1849,7.2227
1850,7.2266
1851,7.2305
1852,7.2344
1853,7.2383
1854,7.2422
1855,7.2461
1856,7.25
1857,7.2539
1858,7.2578
1859,7.2617
1860,7.2656
1861,7.2695
1862,7.2734
1863,7.2773
1864,7.2812
1865,7.2852
1866,7.2891
1867,7.293
1868,7.2969
1869,7.3008
1870,7.3047
1871,7.3086
1872,7.3125
1873,7.3164
1874,7.3203
1875,7.3242
1876,7.3281
1877,7.332
1878,7.3359
1879,7.3398
1880,7.3438
1881,7.3477
1882,7.3516
1883,7.3555
1884,7.3594
1885,7.3633
1886,7.3672
1887,7.3711
1888,7.375
1889,7.3789
1890,7.3828
1891,7.3867
1892,7.3906
1893,7.3945
1894,7.3984
1895,7.4023
1896,7.4062
1897,7.4102
1898,7.4141
1899,7.418
1900,7.4219
1901,7.4258
1902,7.4297
1903,7.4336
1904,7.4375
1905,7.4414
1906,7.4453
1907,7.4492
1908,7.4531
1909,7.457
1910,7.4609
1911,7.4648
1912,7.4688
1913,7.4727
1914,7.4766
1915,7.4805
1916,7.4844
1917,7.4883
1918,7.4922
1919,7.4961
1920,7.5
1921,7.5039
1922,7.5078
1923,7.5117
1924,7.5156
1925,7.5195
1926,7.5234
1927,7.5273
1928,7.5312
1929,7.5352
1930,7.5391
1931,7.543
1932,7.5469
1933,7.5508
1934,7.5547
1935,7.5586
1936,7.5625
1937,7.5664
1938,7.5703
1939,7.5742
1940,7.5781
1941,7.582
1942,7.5859
1943,7.5898
1944,7.5938
1945,7.5977
1946,7.6016
1947,7.6055
1948,7.6094
1949,7.6133
1950,7.6172
1951,7.6211
1952,7.625
1953,7.6289
1954,7.6328
1955,7.6367
1956,7.6406
1957,7.6445
1958,7.6484
1959,7.6523
1960,7.6562
1961,7.6602
1962,7.6641
1963,7.668
1964,7.6719
1965,7.6758
1966,7.6797
1967,7.6836
1968,7.6875
1969,7.6914
1970,7.6953
1971,7.6992
1972,7.7031
1973,7.707
1974,7.7109
1975,7.7148
1976,7.7188
1977,7.7227
1978,7.7266
1979,7.7305
1980,7.7344
1981,7.7383
1982,7.7422
1983,7.7461
1984,7.75
1985,7.7539
1986,7.7578
1987,7.7617
1988,7.7656
1989,7.7695
1990,7.7734
1991,7.7773
1992,7.7812
1993,7.7852
1994,7.7891
1995,7.793
1996,7.7969
1997,7.8008
1998,7.8047
1999,7.8086
2000,7.8125
2001,7.8164
2002,7.8203
2003,7.8242
2004,7.8281
2005,7.832
2006,7.8359
2007,7.8398
2008,7.8438
2009,7.8477
2010,7.8516
2011,7.8555
2012,7.8594
2013,7.8633
2014,7.8672
2015,7.8711
2016,7.875
2017,7.8789
2018,7.8828
2019,7.8867
2020,7.8906
2021,7.8945
2022,7.8984
2023,7.9023
2024,7.9062
2025,7.9102
2026,7.9141
2027,7.918
2028,7.9219
2029,7.9258
2030,7.9297
2031,7.9336
2032,7.9375
2033,7.9414
2034,7.9453
2035,7.9492
2036,7.9531
2037,7.957
2038,7.9609
2039,7.9648
2040,7.9688
2041,7.9727
2042,7.9766
2043,7.9805
2044,7.9844
2045,7.9883
2046,7.9922
2047,7.9961
2048,8.0
2049,8.0039
2050,8.0078
2051,8.0117
2052,8.0156
2053,8.0195
2054,8.0234
2055,8.0273
2056,8.0312
2057,8.0352
2058,8.0391
2059,8.043
2060,8.0469
2061,8.0508
2062,8.0547
2063,8.0586
2064,8.0625
2065,8.0664
2066,8.0703
2067,8.0742
2068,8.0781
2069,8.082
2070,8.0859
2071,8.0898
2072,8.0938
2073,8.0977
2074,8.1016
2075,8.1055
2076,8.1094
2077,8.1133
2078,8.1172
2079,8.1211
2080,8.125
2081,8.1289
2082,8.1328
2083,8.1367
2084,8.1406
2085,8.1445
2086,8.1484
2087,8.1523
2088,8.1562
2089,8.1602
2090,8.1641
2091,8.168
2092,8.1719
2093,8.1758
2094,8.1797
2095,8.1836
2096,8.1875
2097,8.1914
2098,8.1953
2099,8.1992
2100,8.2031
2101,8.207
2102,8.2109
2103,8.2148
2104,8.2188
2105,8.2227
2106,8.2266
2107,8.2305
2108,8.2344
2109,8.2383
2110,8.2422
2111,8.2461
2112,8.25
2113,8.2539
2114,8.2578
2115,8.2617
2116,8.2656
2117,8.2695
2118,8.2734
2119,8.2773
2120,8.2812
2121,8.2852
2122,8.2891
2123,8.293
2124,8.2969
2125,8.3008
2126,8.3047
2127,8.3086
2128,8.3125
2129,8.3164
2130,8.3203
2131,8.3242
2132,8.3281
2133,8.332
2134,8.3359
2135,8.3398
2136,8.3438
2137,8.3477
2138,8.3516
2139,8.3555
2140,8.3594
2141,8.3633
2142,8.3672
2143,8.3711
2144,8.375
2145,8.3789
2146,8.3828
2147,8.3867
2148,8.3906
2149,8.3945
2150,8.3984
2151,8.4023
2152,8.4062
2153,8.4102
2154,8.4141
2155,8.418
2156,8.4219
2157,8.4258
2158,8.4297
2159,8.4336
2160,8.4375
2161,8.4414
2162,8.4453
2163,8.4492
2164,8.4531
2165,8.457
2166,8.4609
2167,8.4648
2168,8.4688
2169,8.4727
2170,8.4766
2171,8.4805
2172,8.4844
2173,8.4883
2174,8.4922
2175,8.4961
2176,8.5
2177,8.5039
2178,8.5078
2179,8.5117
2180,8.5156
2181,8.5195
2182,8.5234
2183,8.5273
2184,8.5312
2185,8.5352
2186,8.5391
2187,8.543
2188,8.5469
2189,8.5508
2190,8.5547
2191,8.5586
2192,8.5625
2193,8.5664
2194,8.5703
2195,8.5742
2196,8.5781
2197,8.582
2198,8.5859
2199,8.5898
2200,8.5938
2201,8.5977
2202,8.6016
2203,8.6055
2204,8.6094
2205,8.6133
2206,8.6172
2207,8.6211
2208,8.625
2209,8.6289
2210,8.6328
2211,8.6367
2212,8.6406
2213,8.6445
2214,8.6484
2215,8.6523
2216,8.6562
2217,8.6602
2218,8.6641
2219,8.668
2220,8.6719
2221,8.6758
2222,8.6797
2223,8.6836
2224,8.6875
2225,8.6914
2226,8.6953
2227,8.6992
2228,8.7031
2229,8.707
2230,8.7109
2231,8.7148
2232,8.7188
2233,8.7227
2234,8.7266
2235,8.7305
2236,8.7344
2237,8.7383
2238,8.7422
2239,8.7461
2240,8.75
2241,8.7539
2242,8.7578
2243,8.7617
2244,8.7656
2245,8.7695
2246,8.7734
2247,8.7773
2248,8.7812
2249,8.7852
2250,8.7891
2251,8.793
2252,8.7969
2253,8.8008
2254,8.8047
2255,8.8086
2256,8.8125
2257,8.8164
2258,8.8203
2259,8.8242
2260,8.8281
2261,8.832
2262,8.8359
2263,8.8398
2264,8.8438
2265,8.8477
2266,8.8516
2267,8.8555
2268,8.8594
2269,8.8633
2270,8.8672
2271,8.8711
2272,8.875
2273,8.8789
2274,8.8828
2275,8.8867
2276,8.8906
2277,8.8945
2278,8.8984
2279,8.9023
2280,8.9062
2281,8.9102
2282,8.9141
2283,8.918
2284,8.9219
2285,8.9258
2286,8.9297
2287,8.9336
2288,8.9375
2289,8.9414
2290,8.9453
2291,8.9492
2292,8.9531
2293,8.957
2294,8.9609
2295,8.9648
2296,8.9688
2297,8.9727
2298,8.9766
2299,8.9805
2300,8.9844
2301,8.9883
2302,8.9922
2303,8.9961
2304,9.0
2305,9.0039
2306,9.0078
2307,9.0117
2308,9.0156
2309,9.0195
2310,9.0234
2311,9.0273
2312,9.0312
2313,9.0352
2314,9.0391
2315,9.043
2316,9.0469
2317,9.0508
2318,9.0547
2319,9.0586
2320,9.0625
2321,9.0664
2322,9.0703
2323,9.0742
2324,9.0781
2325,9.082
2326,9.0859
2327,9.0898
2328,9.0938
2329,9.0977
2330,9.1016
2331,9.1055
2332,9.1094
2333,9.1133
2334,9.1172
2335,9.1211
2336,9.125
2337,9.1289
2338,9.1328
2339,9.1367
2340,9.1406
2341,9.1445
2342,9.1484
2343,9.1523
2344,9.1562
2345,9.1602
2346,9.1641
2347,9.168
2348,9.1719
2349,9.1758
2350,9.1797
2351,9.1836
2352,9.1875
2353,9.1914
2354,9.1953
2355,9.1992
2356,9.2031
2357,9.207
2358,9.2109
2359,9.2148
2360,9.2188
2361,9.2227
2362,9.2266
2363,9.2305
2364,9.2344
2365,9.2383
2366,9.2422
2367,9.2461
2368,9.25
2369,9.2539
2370,9.2578
2371,9.2617
2372,9.2656
2373,9.2695
2374,9.2734
2375,9.2773
2376,9.2812
2377,9.2852
2378,9.2891
2379,9.293
2380,9.2969
2381,9.3008
2382,9.3047
2383,9.3086
2384,9.3125
2385,9.3164
2386,9.3203
2387,9.3242
2388,9.3281
2389,9.332
2390,9.3359
2391,9.3398
2392,9.3438
2393,9.3477
2394,9.3516
2395,9.3555
2396,9.3594
2397,9.3633
2398,9.3672
2399,9.3711
2400,9.375
2401,9.3789
2402,9.3828
2403,9.3867
2404,9.3906
2405,9.3945
2406,9.3984
2407,9.4023
2408,9.4062
2409,9.4102
2410,9.4141
2411,9.418
2412,9.4219
2413,9.4258
2414,9.4297
2415,9.4336
2416,9.4375
2417,9.4414
2418,9.4453
2419,9.4492
2420,9.4531
2421,9.457
2422,9.4609
2423,9.4648
2424,9.4688
2425,9.4727
2426,9.4766
2427,9.4805
2428,9.4844
2429,9.4883
2430,9.4922
2431,9.4961
2432,9.5
2433,9.5039
2434,9.5078
2435,9.5117
2436,9.5156
2437,9.5195
2438,9.5234
2439,9.5273
2440,9.5312
2441,9.5352
2442,9.5391
2443,9.543
2444,9.5469
2445,9.5508
2446,9.5547
2447,9.5586
2448,9.5625
2449,9.5664
2450,9.5703
2451,9.5742
2452,9.5781
2453,9.582
2454,9.5859
2455,9.5898
2456,9.5938
2457,9.5977
2458,9.6016
2459,9.6055
2460,9.6094
2461,9.6133
2462,9.6172
2463,9.6211
2464,9.625
2465,9.6289
2466,9.6328
2467,9.6367
2468,9.6406
2469,9.6445
2470,9.6484
2471,9.6523
2472,9.6562
2473,9.6602
2474,9.6641
2475,9.668
2476,9.6719
2477,9.6758
2478,9.6797
2479,9.6836
2480,9.6875
2481,9.6914
2482,9.6953
2483,9.6992
2484,9.7031
2485,9.707
2486,9.7109
2487,9.7148
2488,9.7188
2489,9.7227
2490,9.7266
2491,9.7305
2492,9.7344
2493,9.7383
2494,9.7422
2495,9.7461
2496,9.75
2497,9.7539
2498,9.7578
2499,9.7617
2500,9.7656
2501,9.7695
2502,9.7734
2503,9.7773
2504,9.7812
2505,9.7852
2506,9.7891
2507,9.793
2508,9.7969
2509,9.8008
2510,9.8047
2511,9.8086
2512,9.8125
2513,9.8164
2514,9.8203
2515,9.8242
2516,9.8281
2517,9.832
2518,9.8359
2519,9.8398
2520,9.8438
2521,9.8477
2522,9.8516
2523,9.8555
2524,9.8594
2525,9.8633
2526,9.8672
2527,9.8711
2528,9.875
2529,9.8789
2530,9.8828
2531,9.8867
2532,9.8906
2533,9.8945
2534,9.8984
2535,9.9023
2536,9.9062
2537,9.9102
2538,9.9141
2539,9.918
2540,9.9219
2541,9.9258
2542,9.9297
2543,9.9336
2544,9.9375
2545,9.9414
2546,9.9453
2547,9.9492
2548,9.9531
2549,9.957
2550,9.9609
2551,9.9648
2552,9.9688
2553,9.9727
2554,9.9766
2555,9.9805
2556,9.9844
2557,9.9883
2558,9.9922
2559,9.9961
2560,10.0
2561,10.004
2562,10.008
2563,10.012
2564,10.016
2565,10.02
2566,10.023
2567,10.027
2568,10.031
2569,10.035
2570,10.039
2571,10.043
2572,10.047
2573,10.051
2574,10.055
2575,10.059
2576,10.062
2577,10.066
2578,10.07
2579,10.074
2580,10.078
2581,10.082
2582,10.086
2583,10.09
2584,10.094
2585,10.098
2586,10.102
2587,10.105
2588,10.109
2589,10.113
2590,10.117
2591,10.121
2592,10.125
2593,10.129
2594,10.133
2595,10.137
2596,10.141
2597,10.145
2598,10.148
2599,10.152
2600,10.156
2601,10.16
2602,10.164
2603,10.168
2604,10.172
2605,10.176
2606,10.18
2607,10.184
2608,10.188
2609,10.191
2610,10.195
2611,10.199
2612,10.203
2613,10.207
2614,10.211
2615,10.215
2616,10.219
2617,10.223
2618,10.227
2619,10.23
2620,10.234
2621,10.238
2622,10.242
2623,10.246
2624,10.25
2625,10.254
2626,10.258
2627,10.262
2628,10.266
2629,10.27
2630,10.273
2631,10.277
2632,10.281
2633,10.285
2634,10.289
2635,10.293
2636,10.297
2637,10.301
2638,10.305
2639,10.309
2640,10.312
2641,10.316
2642,10.32
2643,10.324
2644,10.328
2645,10.332
2646,10.336
2647,10.34
2648,10.344
2649,10.348
2650,10.352
2651,10.355
2652,10.359
2653,10.363
2654,10.367
2655,10.371
2656,10.375
2657,10.379
2658,10.383
2659,10.387
2660,10.391
2661,10.395
2662,10.398
2663,10.402
2664,10.406
2665,10.41
2666,10.414
2667,10.418
2668,10.422
2669,10.426
2670,10.43
2671,10.434
2672,10.438
2673,10.441
2674,10.445
2675,10.449
2676,10.453
2677,10.457
2678,10.461
2679,10.465
2680,10.469
2681,10.473
2682,10.477
2683,10.48
2684,10.484
2685,10.488
2686,10.492
2687,10.496
2688,10.5
2689,10.504
2690,10.508
2691,10.512
2692,10.516
2693,10.52
2694,10.523
2695,10.527
2696,10.531
2697,10.535
2698,10.539
2699,10.543
2700,10.547
2701,10.551
2702,10.555
2703,10.559
2704,10.562
2705,10.566
2706,10.57
2707,10.574
2708,10.578
2709,10.582
2710,10.586
2711,10.59
2712,10.594
2713,10.598
2714,10.602
2715,10.605
2716,10.609
2717,10.613
2718,10.617
2719,10.621
2720,10.625
2721,10.629
2722,10.633
2723,10.637
2724,10.641
2725,10.645
2726,10.648
2727,10.652
2728,10.656
2729,10.66
2730,10.664
2731,10.668
2732,10.672
2733,10.676
2734,10.68
2735,10.684
2736,10.688
2737,10.691
2738,10.695
2739,10.699
2740,10.703
2741,10.707
2742,10.711
2743,10.715
2744,10.719
2745,10.723
2746,10.727
2747,10.73
2748,10.734
2749,10.738
2750,10.742
2751,10.746
2752,10.75
2753,10.754
2754,10.758
2755,10.762
2756,10.766
2757,10.77
2758,10.773
2759,10.777
2760,10.781
2761,10.785
2762,10.789
2763,10.793
2764,10.797
2765,10.801
2766,10.805
2767,10.809
2768,10.812
2769,10.816
2770,10.82
2771,10.824
2772,10.828
2773,10.832
2774,10.836
2775,10.84
2776,10.844
2777,10.848
2778,10.852
2779,10.855
2780,10.859
2781,10.863
2782,10.867
2783,10.871
2784,10.875
2785,10.879
2786,10.883
2787,10.887
2788,10.891
2789,10.895
2790,10.898
2791,10.902
2792,10.906
2793,10.91
2794,10.914
2795,10.918
2796,10.922
2797,10.926
2798,10.93
2799,10.934
2800,10.938
2801,10.941
2802,10.945
2803,10.949
2804,10.953
2805,10.957
2806,10.961
2807,10.965
2808,10.969
2809,10.973
2810,10.977
2811,10.98
2812,10.984
2813,10.988
2814,10.992
2815,10.996
2816,11.0
2817,11.004
2818,11.008
2819,11.012
2820,11.016
2821,11.02
2822,11.023
2823,11.027
2824,11.031
2825,11.035
2826,11.039
2827,11.043
2828,11.047
2829,11.051
2830,11.055
2831,11.059
2832,11.062
2833,11.066
2834,11.07
2835,11.074
2836,11.078
2837,11.082
2838,11.086
2839,11.09
2840,11.094
2841,11.098
2842,11.102
2843,11.105
2844,11.109
2845,11.113
2846,11.117
2847,11.121
2848,11.125
2849,11.129
2850,11.133
2851,11.137
2852,11.141
2853,11.145
2854,11.148
2855,11.152
2856,11.156
2857,11.16
2858,11.164
2859,11.168
2860,11.172
2861,11.176
2862,11.18
2863,11.184
2864,11.188
2865,11.191
2866,11.195
2867,11.199
2868,11.203
2869,11.207
2870,11.211
2871,11.215
2872,11.219
2873,11.223
2874,11.227
2875,11.23
2876,11.234
2877,11.238
2878,11.242
2879,11.246
2880,11.25
2881,11.254
2882,11.258
2883,11.262
2884,11.266
2885,11.27
2886,11.273
2887,11.277
2888,11.281
2889,11.285
2890,11.289
2891,11.293
2892,11.297
2893,11.301
2894,11.305
2895,11.309
2896,11.312
2897,11.316
2898,11.32
2899,11.324
2900,11.328
2901,11.332
2902,11.336
2903,11.34
2904,11.344
2905,11.348
2906,11.352
2907,11.355
2908,11.359
2909,11.363
2910,11.367
2911,11.371
2912,11.375
2913,11.379
2914,11.383
2915,11.387
2916,11.391
2917,11.395
2918,11.398
2919,11.402
2920,11.406
2921,11.41
2922,11.414
2923,11.418
2924,11.422
2925,11.426
2926,11.43
2927,11.434
2928,11.438
2929,11.441
2930,11.445
2931,11.449
2932,11.453
2933,11.457
2934,11.461
2935,11.465
2936,11.469
2937,11.473
2938,11.477
2939,11.48
2940,11.484
2941,11.488
2942,11.492
2943,11.496
2944,11.5
2945,11.504
2946,11.508
2947,11.512
2948,11.516
2949,11.52
2950,11.523
2951,11.527
2952,11.531
2953,11.535
2954,11.539
2955,11.543
2956,11.547
2957,11.551
2958,11.555
2959,11.559
2960,11.562
2961,11.566
2962,11.57
2963,11.574
2964,11.578
2965,11.582
2966,11.586
2967,11.59
2968,11.594
2969,11.598
2970,11.602
2971,11.605
2972,11.609
2973,11.613
2974,11.617
2975,11.621
2976,11.625
2977,11.629
2978,11.633
2979,11.637
2980,11.641
2981,11.645
2982,11.648
2983,11.652
2984,11.656
2985,11.66
2986,11.664
2987,11.668
2988,11.672
2989,11.676
2990,11.68
2991,11.684
2992,11.688
2993,11.691
2994,11.695
2995,11.699
2996,11.703
2997,11.707
2998,11.711
2999,11.715
3000,11.719
3001,11.723
3002,11.727
3003,11.73
3004,11.734
3005,11.738
3006,11.742
3007,11.746
3008,11.75
3009,11.754
3010,11.758
3011,11.762
3012,11.766
3013,11.77
3014,11.773
3015,11.777
3016,11.781
3017,11.785
3018,11.789
3019,11.793
3020,11.797
3021,11.801
3022,11.805
3023,11.809
3024,11.812
3025,11.816
3026,11.82
3027,11.824
3028,11.828
3029,11.832
3030,11.836
3031,11.84
3032,11.844
3033,11.848
3034,11.852
3035,11.855
3036,11.859
3037,11.863
3038,11.867
3039,11.871
3040,11.875
3041,11.879
3042,11.883
3043,11.887
3044,11.891
3045,11.895
3046,11.898
3047,11.902
3048,11.906
3049,11.91
3050,11.914
3051,11.918
3052,11.922
3053,11.926
3054,11.93
3055,11.934
3056,11.938
3057,11.941
3058,11.945
3059,11.949
3060,11.953
3061,11.957
3062,11.961
3063,11.965
3064,11.969
3065,11.973
3066,11.977
3067,11.98
3068,11.984
3069,11.988
3070,11.992
3071,11.996
3072,12.0
3073,12.004
3074,12.008
3075,12.012
3076,12.016
3077,12.02
3078,12.023
3079,12.027
3080,12.031
3081,12.035
3082,12.039
3083,12.043
3084,12.047
3085,12.051
3086,12.055
3087,12.059
3088,12.062
3089,12.066
3090,12.07
3091,12.074
3092,12.078
3093,12.082
3094,12.086
3095,12.09
3096,12.094
3097,12.098
3098,12.102
3099,12.105
3100,12.109
3101,12.113
3102,12.117
3103,12.121
3104,12.125
3105,12.129
3106,12.133
3107,12.137
3108,12.141
3109,12.145
3110,12.148
3111,12.152
3112,12.156
3113,12.16
3114,12.164
3115,12.168
3116,12.172
3117,12.176
3118,12.18
3119,12.184
3120,12.188
3121,12.191
3122,12.195
3123,12.199
3124,12.203
3125,12.207
3126,12.211
3127,12.215
3128,12.219
3129,12.223
3130,12.227
3131,12.23
3132,12.234
3133,12.238
3134,12.242
3135,12.246
3136,12.25
3137,12.254
3138,12.258
3139,12.262
3140,12.266
3141,12.27
3142,12.273
3143,12.277
3144,12.281
3145,12.285
3146,12.289
3147,12.293
3148,12.297
3149,12.301
3150,12.305
3151,12.309
3152,12.312
3153,12.316
3154,12.32
3155,12.324
3156,12.328
3157,12.332
3158,12.336
3159,12.34
3160,12.344
3161,12.348
3162,12.352
3163,12.355
3164,12.359
3165,12.363
3166,12.367
3167,12.371
3168,12.375
3169,12.379
3170,12.383
3171,12.387
3172,12.391
3173,12.395
3174,12.398
3175,12.402
3176,12.406
3177,12.41
3178,12.414
3179,12.418
3180,12.422
3181,12.426
3182,12.43
3183,12.434
3184,12.438
3185,12.441
3186,12.445
3187,12.449
3188,12.453
3189,12.457
3190,12.461
3191,12.465
3192,12.469
3193,12.473
3194,12.477
3195,12.48
3196,12.484
3197,12.488
3198,12.492
3199,12.496
3200,12.5
3201,12.504
3202,12.508
3203,12.512
3204,12.516
3205,12.52
3206,12.523
3207,12.527
3208,12.531
3209,12.535
3210,12.539
3211,12.543
3212,12.547
3213,12.551
3214,12.555
3215,12.559
3216,12.562
3217,12.566
3218,12.57
3219,12.574
3220,12.578
3221,12.582
3222,12.586
3223,12.59
3224,12.594
3225,12.598
3226,12.602
3227,12.605
3228,12.609
3229,12.613
3230,12.617
3231,12.621
3232,12.625
3233,12.629
3234,12.633
3235,12.637
3236,12.641
3237,12.645
3238,12.648
3239,12.652
3240,12.656
3241,12.66
3242,12.664
3243,12.668
3244,12.672
3245,12.676
3246,12.68
3247,12.684
3248,12.688
3249,12.691
3250,12.695
3251,12.699
3252,12.703
3253,12.707
3254,12.711
3255,12.715
3256,12.719
3257,12.723
3258,12.727
3259,12.73
3260,12.734
3261,12.738
3262,12.742
3263,12.746
3264,12.75
3265,12.754
3266,12.758
3267,12.762
3268,12.766
3269,12.77
3270,12.773
3271,12.777
3272,12.781
3273,12.785
3274,12.789
3275,12.793
3276,12.797
3277,12.801
3278,12.805
3279,12.809
3280,12.812
3281,12.816
3282,12.82
3283,12.824
3284,12.828
3285,12.832
3286,12.836
3287,12.84
3288,12.844
3289,12.848
3290,12.852
3291,12.855
3292,12.859
3293,12.863
3294,12.867
3295,12.871
3296,12.875
3297,12.879
3298,12.883
3299,12.887
3300,12.891
3301,12.895
3302,12.898
3303,12.902
3304,12.906
3305,12.91
3306,12.914
3307,12.918
3308,12.922
3309,12.926
3310,12.93
3311,12.934
3312,12.938
3313,12.941
3314,12.945
3315,12.949
3316,12.953
3317,12.957
3318,12.961
3319,12.965
3320,12.969
3321,12.973
3322,12.977
3323,12.98
3324,12.984
3325,12.988
3326,12.992
3327,12.996
3328,13.0
3329,13.004
3330,13.008
3331,13.012
3332,13.016
3333,13.02
3334,13.023
3335,13.027
3336,13.031
3337,13.035
3338,13.039
3339,13.043
3340,13.047
3341,13.051
3342,13.055
3343,13.059
3344,13.062
3345,13.066
3346,13.07
3347,13.074
3348,13.078
3349,13.082
3350,13.086
3351,13.09
3352,13.094
3353,13.098
3354,13.102
3355,13.105
3356,13.109
3357,13.113
3358,13.117
3359,13.121
3360,13.125
3361,13.129
3362,13.133
3363,13.137
3364,13.141
3365,13.145
3366,13.148
3367,13.152
3368,13.156
3369,13.16
3370,13.164
3371,13.168
3372,13.172
3373,13.176
3374,13.18
3375,13.184
3376,13.188
3377,13.191
3378,13.195
3379,13.199
3380,13.203
3381,13.207
3382,13.211
3383,13.215
3384,13.219
3385,13.223
3386,13.227
3387,13.23
3388,13.234
3389,13.238
3390,13.242
3391,13.246
3392,13.25
3393,13.254
3394,13.258
3395,13.262
3396,13.266
3397,13.27
3398,13.273
3399,13.277
3400,13.281
3401,13.285
3402,13.289
3403,13.293
3404,13.297
3405,13.301
3406,13.305
3407,13.309
3408,13.312
3409,13.316
3410,13.32
3411,13.324
3412,13.328
3413,13.332
3414,13.336
3415,13.34
3416,13.344
3417,13.348
3418,13.352
3419,13.355
3420,13.359
3421,13.363
3422,13.367
3423,13.371
3424,13.375
3425,13.379
3426,13.383
3427,13.387
3428,13.391
3429,13.395
3430,13.398
3431,13.402
3432,13.406
3433,13.41
3434,13.414
3435,13.418
3436,13.422
3437,13.426
3438,13.43
3439,13.434
3440,13.438
3441,13.441
3442,13.445
3443,13.449
3444,13.453
3445,13.457
3446,13.461
3447,13.465
3448,13.469
3449,13.473
3450,13.477
3451,13.48
3452,13.484
3453,13.488
3454,13.492
3455,13.496
3456,13.5
3457,13.504
3458,13.508
3459,13.512
3460,13.516
3461,13.52
3462,13.523
3463,13.527
3464,13.531
3465,13.535
3466,13.539
3467,13.543
3468,13.547
3469,13.551
3470,13.555
3471,13.559
3472,13.562
3473,13.566
3474,13.57
3475,13.574
3476,13.578
3477,13.582
3478,13.586
3479,13.59
3480,13.594
3481,13.598
3482,13.602
3483,13.605
3484,13.609
3485,13.613
3486,13.617
3487,13.621
3488,13.625
3489,13.629
3490,13.633
3491,13.637
3492,13.641
3493,13.645
3494,13.648
3495,13.652
3496,13.656
3497,13.66
3498,13.664
3499,13.668
3500,13.672
3501,13.676
3502,13.68
3503,13.684
3504,13.688
3505,13.691
3506,13.695
3507,13.699
3508,13.703
3509,13.707
3510,13.711
3511,13.715
3512,13.719
3513,13.723
3514,13.727
3515,13.73
3516,13.734
3517,13.738
3518,13.742
3519,13.746
3520,13.75
3521,13.754
3522,13.758
3523,13.762
3524,13.766
3525,13.77
3526,13.773
3527,13.777
3528,13.781
3529,13.785
3530,13.789
3531,13.793
3532,13.797
3533,13.801
3534,13.805
3535,13.809
3536,13.812
3537,13.816
3538,13.82
3539,13.824
3540,13.828
3541,13.832
3542,13.836
3543,13.84
3544,13.844
3545,13.848
3546,13.852
3547,13.855
3548,13.859
3549,13.863
3550,13.867
3551,13.871
3552,13.875
3553,13.879
3554,13.883
3555,13.887
3556,13.891
3557,13.895
3558,13.898
3559,13.902
3560,13.906
3561,13.91
3562,13.914
3563,13.918
3564,13.922
3565,13.926
3566,13.93
3567,13.934
3568,13.938
3569,13.941
3570,13.945
3571,13.949
3572,13.953
3573,13.957
3574,13.961
3575,13.965
3576,13.969
3577,13.973
3578,13.977
3579,13.98
3580,13.984
3581,13.988
3582,13.992
3583,13.996
3584,14.0
3585,14.004
3586,14.008
3587,14.012
3588,14.016
3589,14.02
3590,14.023
3591,14.027
3592,14.031
3593,14.035
3594,14.039
3595,14.043
3596,14.047
3597,14.051
3598,14.055
3599,14.059
3600,14.062
3601,14.066
3602,14.07
3603,14.074
3604,14.078
3605,14.082
3606,14.086
3607,14.09
3608,14.094
3609,14.098
3610,14.102
3611,14.105
3612,14.109
3613,14.113
3614,14.117
3615,14.121
3616,14.125
3617,14.129
3618,14.133
3619,14.137
3620,14.141
3621,14.145
3622,14.148
3623,14.152
3624,14.156
3625,14.16
3626,14.164
3627,14.168
3628,14.172
3629,14.176
3630,14.18
3631,14.184
3632,14.188
3633,14.191
3634,14.195
3635,14.199
3636,14.203
3637,14.207
3638,14.211
3639,14.215
3640,14.219
3641,14.223
3642,14.227
3643,14.23
3644,14.234
3645,14.238
3646,14.242
3647,14.246
3648,14.25
3649,14.254
3650,14.258
3651,14.262
3652,14.266
3653,14.27
3654,14.273
3655,14.277
3656,14.281
3657,14.285
3658,14.289
3659,14.293
3660,14.297
3661,14.301
3662,14.305
3663,14.309
3664,14.312
3665,14.316
3666,14.32
3667,14.324
3668,14.328
3669,14.332
3670,14.336
3671,14.34
3672,14.344
3673,14.348
3674,14.352
3675,14.355
3676,14.359
3677,14.363
3678,14.367
3679,14.371
3680,14.375
3681,14.379
3682,14.383
3683,14.387
3684,14.391
3685,14.395
3686,14.398
3687,14.402
3688,14.406
3689,14.41
3690,14.414
3691,14.418
3692,14.422
3693,14.426
3694,14.43
3695,14.434
3696,14.438
3697,14.441
3698,14.445
3699,14.449
3700,14.453
3701,14.457
3702,14.461
3703,14.465
3704,14.469
3705,14.473
3706,14.477
3707,14.48
3708,14.484
3709,14.488
3710,14.492
3711,14.496
3712,14.5
3713,14.504
3714,14.508
3715,14.512
3716,14.516
3717,14.52
3718,14.523
3719,14.527
3720,14.531
3721,14.535
3722,14.539
3723,14.543
3724,14.547
3725,14.551
3726,14.555
3727,14.559
3728,14.562
3729,14.566
3730,14.57
3731,14.574
3732,14.578
3733,14.582
3734,14.586
3735,14.59
3736,14.594
3737,14.598
3738,14.602
3739,14.605
3740,14.609
3741,14.613
3742,14.617
3743,14.621
3744,14.625
3745,14.629
3746,14.633
3747,14.637
3748,14.641
3749,14.645
3750,14.648
3751,14.652
3752,14.656
3753,14.66
3754,14.664
3755,14.668
3756,14.672
3757,14.676
3758,14.68
3759,14.684
3760,14.688
3761,14.691
3762,14.695
3763,14.699
3764,14.703
3765,14.707
3766,14.711
3767,14.715
3768,14.719
3769,14.723
3770,14.727
3771,14.73
3772,14.734
3773,14.738
3774,14.742
3775,14.746
3776,14.75
3777,14.754
3778,14.758
3779,14.762
3780,14.766
3781,14.77
3782,14.773
3783,14.777
3784,14.781
3785,14.785
3786,14.789
3787,14.793
3788,14.797
3789,14.801
3790,14.805
3791,14.809
3792,14.812
3793,14.816
3794,14.82
3795,14.824
3796,14.828
3797,14.832
3798,14.836
3799,14.84
3800,14.844
3801,14.848
3802,14.852
3803,14.855
3804,14.859
3805,14.863
3806,14.867
3807,14.871
3808,14.875
3809,14.879
3810,14.883
3811,14.887
3812,14.891
3813,14.895
3814,14.898
3815,14.902
3816,14.906
3817,14.91
3818,14.914
3819,14.918
3820,14.922
3821,14.926
3822,14.93
3823,14.934
3824,14.938
3825,14.941
3826,14.945
3827,14.949
3828,14.953
3829,14.957
3830,14.961
3831,14.965
3832,14.969
3833,14.973
3834,14.977
3835,14.98
3836,14.984
3837,14.988
3838,14.992
3839,14.996
3840,15.0
3841,15.004
3842,15.008
3843,15.012
3844,15.016
3845,15.02
3846,15.023
3847,15.027
3848,15.031
3849,15.035
3850,15.039
3851,15.043
3852,15.047
3853,15.051
3854,15.055
3855,15.059
3856,15.062
3857,15.066
3858,15.07
3859,15.074
3860,15.078
3861,15.082
3862,15.086
3863,15.09
3864,15.094
3865,15.098
3866,15.102
3867,15.105
3868,15.109
3869,15.113
3870,15.117
3871,15.121
3872,15.125
3873,15.129
3874,15.133
3875,15.137
3876,15.141
3877,15.145
3878,15.148
3879,15.152
3880,15.156
3881,15.16
3882,15.164
3883,15.168
3884,15.172
3885,15.176
3886,15.18
3887,15.184
3888,15.188
3889,15.191
3890,15.195
3891,15.199
3892,15.203
3893,15.207
3894,15.211
3895,15.215
3896,15.219
3897,15.223
3898,15.227
3899,15.23
3900,15.234
3901,15.238
3902,15.242
3903,15.246
3904,15.25
3905,15.254
3906,15.258
3907,15.262
3908,15.266
3909,15.27
3910,15.273
3911,15.277
3912,15.281
3913,15.285
3914,15.289
3915,15.293
3916,15.297
3917,15.301
3918,15.305
3919,15.309
3920,15.312
3921,15.316
3922,15.32
3923,15.324
3924,15.328
3925,15.332
3926,15.336
3927,15.34
3928,15.344
3929,15.348
3930,15.352
3931,15.355
3932,15.359
3933,15.363
3934,15.367
3935,15.371
3936,15.375
3937,15.379
3938,15.383
3939,15.387
3940,15.391
3941,15.395
3942,15.398
3943,15.402
3944,15.406
3945,15.41
3946,15.414
3947,15.418
3948,15.422
3949,15.426
3950,15.43
3951,15.434
3952,15.438
3953,15.441
3954,15.445
3955,15.449
3956,15.453
3957,15.457
3958,15.461
3959,15.465
3960,15.469
3961,15.473
3962,15.477
3963,15.48
3964,15.484
3965,15.488
3966,15.492
3967,15.496
3968,15.5
3969,15.504
3970,15.508
3971,15.512
3972,15.516
3973,15.52
3974,15.523
3975,15.527
3976,15.531
3977,15.535
3978,15.539
3979,15.543
3980,15.547
3981,15.551
3982,15.555
3983,15.559
3984,15.562
3985,15.566
3986,15.57
3987,15.574
3988,15.578
3989,15.582
3990,15.586
3991,15.59
3992,15.594
3993,15.598
3994,15.602
3995,15.605
3996,15.609
3997,15.613
3998,15.617
3999,15.621
4000,15.625
4001,15.629
4002,15.633
4003,15.637
4004,15.641
4005,15.645
4006,15.648
4007,15.652
4008,15.656
4009,15.66
4010,15.664
4011,15.668
4012,15.672
4013,15.676
4014,15.68
4015,15.684
4016,15.688
4017,15.691
4018,15.695
4019,15.699
4020,15.703
4021,15.707
4022,15.711
4023,15.715
4024,15.719
4025,15.723
4026,15.727
4027,15.73
4028,15.734
4029,15.738
4030,15.742
4031,15.746
4032,15.75
4033,15.754
4034,15.758
4035,15.762
4036,15.766
4037,15.77
4038,15.773
4039,15.777
4040,15.781
4041,15.785
4042,15.789
4043,15.793
4044,15.797
4045,15.801
4046,15.805
4047,15.809
4048,15.812
4049,15.816
4050,15.82
4051,15.824
4052,15.828
4053,15.832
4054,15.836
4055,15.84
4056,15.844
4057,15.848
4058,15.852
4059,15.855
4060,15.859
4061,15.863
4062,15.867
4063,15.871
4064,15.875
4065,15.879
4066,15.883
4067,15.887
4068,15.891
4069,15.895
4070,15.898
4071,15.902
4072,15.906
4073,15.91
4074,15.914
4075,15.918
4076,15.922
4077,15.926
4078,15.93
4079,15.934
4080,15.938
4081,15.941
4082,15.945
4083,15.949
4084,15.953
4085,15.957
4086,15.961
4087,15.965
4088,15.969
4089,15.973
4090,15.977
4091,15.98
4092,15.984
4093,15.988
4094,15.992
4095,15.996
4096,16.0
4097,16.004
4098,16.008
4099,16.012
4100,16.016
4101,16.02
4102,16.023
4103,16.027
4104,16.031
4105,16.035
4106,16.039
4107,16.043
4108,16.047
4109,16.051
4110,16.055
4111,16.059
4112,16.062
4113,16.066
4114,16.07
4115,16.074
4116,16.078
4117,16.082
4118,16.086
4119,16.09
4120,16.094
4121,16.098
4122,16.102
4123,16.105
4124,16.109
4125,16.113
4126,16.117
4127,16.121
4128,16.125
4129,16.129
4130,16.133
4131,16.137
4132,16.141
4133,16.145
4134,16.148
4135,16.152
4136,16.156
4137,16.16
4138,16.164
4139,16.168
4140,16.172
4141,16.176
4142,16.18
4143,16.184
4144,16.188
4145,16.191
4146,16.195
4147,16.199
4148,16.203
4149,16.207
4150,16.211
4151,16.215
4152,16.219
4153,16.223
4154,16.227
4155,16.23
4156,16.234
4157,16.238
4158,16.242
4159,16.246
4160,16.25
4161,16.254
4162,16.258
4163,16.262
4164,16.266
4165,16.27
4166,16.273
4167,16.277
4168,16.281
4169,16.285
4170,16.289
4171,16.293
4172,16.297
4173,16.301
4174,16.305
4175,16.309
4176,16.312
4177,16.316
4178,16.32
4179,16.324
4180,16.328
4181,16.332
4182,16.336
4183,16.34
4184,16.344
4185,16.348
4186,16.352
4187,16.355
4188,16.359
4189,16.363
4190,16.367
4191,16.371
4192,16.375
4193,16.379
4194,16.383
4195,16.387
4196,16.391
4197,16.395
4198,16.398
4199,16.402
4200,16.406
4201,16.41
4202,16.414
4203,16.418
4204,16.422
4205,16.426
4206,16.43
4207,16.434
4208,16.438
4209,16.441
4210,16.445
4211,16.449
4212,16.453
4213,16.457
4214,16.461
4215,16.465
4216,16.469
4217,16.473
4218,16.477
4219,16.48
4220,16.484
4221,16.488
4222,16.492
4223,16.496
4224,16.5
4225,16.504
4226,16.508
4227,16.512
4228,16.516
4229,16.52
4230,16.523
4231,16.527
4232,16.531
4233,16.535
4234,16.539
4235,16.543
4236,16.547
4237,16.551
4238,16.555
4239,16.559
4240,16.562
4241,16.566
4242,16.57
4243,16.574
4244,16.578
4245,16.582
4246,16.586
4247,16.59
4248,16.594
4249,16.598
4250,16.602
4251,16.605
4252,16.609
4253,16.613
4254,16.617
4255,16.621
4256,16.625
4257,16.629
4258,16.633
4259,16.637
4260,16.641
4261,16.645
4262,16.648
4263,16.652
4264,16.656
4265,16.66
4266,16.664
4267,16.668
4268,16.672
4269,16.676
4270,16.68
4271,16.684
4272,16.688
4273,16.691
4274,16.695
4275,16.699
4276,16.703
4277,16.707
4278,16.711
4279,16.715
4280,16.719
4281,16.723
4282,16.727
4283,16.73
4284,16.734
4285,16.738
4286,16.742
4287,16.746
4288,16.75
4289,16.754
4290,16.758
4291,16.762
4292,16.766
4293,16.77
4294,16.773
4295,16.777
4296,16.781
4297,16.785
4298,16.789
4299,16.793
4300,16.797
4301,16.801
4302,16.805
4303,16.809
4304,16.812
4305,16.816
4306,16.82
4307,16.824
4308,16.828
4309,16.832
4310,16.836
4311,16.84
4312,16.844
4313,16.848
4314,16.852
4315,16.855
4316,16.859
4317,16.863
4318,16.867
4319,16.871
4320,16.875
4321,16.879
4322,16.883
4323,16.887
4324,16.891
4325,16.895
4326,16.898
4327,16.902
4328,16.906
4329,16.91
4330,16.914
4331,16.918
4332,16.922
4333,16.926
4334,16.93
4335,16.934
4336,16.938
4337,16.941
4338,16.945
4339,16.949
4340,16.953
4341,16.957
4342,16.961
4343,16.965
4344,16.969
4345,16.973
4346,16.977
4347,16.98
4348,16.984
4349,16.988
4350,16.992
4351,16.996
4352,17.0
4353,17.004
4354,17.008
4355,17.012
4356,17.016
4357,17.02
4358,17.023
4359,17.027
4360,17.031
4361,17.035
4362,17.039
4363,17.043
4364,17.047
4365,17.051
4366,17.055
4367,17.059
4368,17.062
4369,17.066
4370,17.07
4371,17.074
4372,17.078
4373,17.082
4374,17.086
4375,17.09
4376,17.094
4377,17.098
4378,17.102
4379,17.105
4380,17.109
4381,17.113
4382,17.117
4383,17.121
4384,17.125
4385,17.129
4386,17.133
4387,17.137
4388,17.141
4389,17.145
4390,17.148
4391,17.152
4392,17.156
4393,17.16
4394,17.164
4395,17.168
4396,17.172
4397,17.176
4398,17.18
4399,17.184
4400,17.188
4401,17.191
4402,17.195
4403,17.199
4404,17.203
4405,17.207
4406,17.211
4407,17.215
4408,17.219
4409,17.223
4410,17.227
4411,17.23
4412,17.234
4413,17.238
4414,17.242
4415,17.246
4416,17.25
4417,17.254
4418,17.258
4419,17.262
4420,17.266
4421,17.27
4422,17.273
4423,17.277
4424,17.281
4425,17.285
4426,17.289
4427,17.293
4428,17.297
4429,17.301
4430,17.305
4431,17.309
4432,17.312
4433,17.316
4434,17.32
4435,17.324
4436,17.328
4437,17.332
4438,17.336
4439,17.34
4440,17.344
4441,17.348
4442,17.352
4443,17.355
4444,17.359
4445,17.363
4446,17.367
4447,17.371
4448,17.375
4449,17.379
4450,17.383
4451,17.387
4452,17.391
4453,17.395
4454,17.398
4455,17.402
4456,17.406
4457,17.41
4458,17.414
4459,17.418
4460,17.422
4461,17.426
4462,17.43
4463,17.434
4464,17.438
4465,17.441
4466,17.445
4467,17.449
4468,17.453
4469,17.457
4470,17.461
4471,17.465
4472,17.469
4473,17.473
4474,17.477
4475,17.48
4476,17.484
4477,17.488
4478,17.492
4479,17.496
4480,17.5
4481,17.504
4482,17.508
4483,17.512
4484,17.516
4485,17.52
4486,17.523
4487,17.527
4488,17.531
4489,17.535
4490,17.539
4491,17.543
4492,17.547
4493,17.551
4494,17.555
4495,17.559
4496,17.562
4497,17.566
4498,17.57
4499,17.574
4500,17.578
4501,17.582
4502,17.586
4503,17.59
4504,17.594
4505,17.598
4506,17.602
4507,17.605
4508,17.609
4509,17.613
4510,17.617
4511,17.621
4512,17.625
4513,17.629
4514,17.633
4515,17.637
4516,17.641
4517,17.645
4518,17.648
4519,17.652
4520,17.656
4521,17.66
4522,17.664
4523,17.668
4524,17.672
4525,17.676
4526,17.68
4527,17.684
4528,17.688
4529,17.691
4530,17.695
4531,17.699
4532,17.703
4533,17.707
4534,17.711
4535,17.715
4536,17.719
4537,17.723
4538,17.727
4539,17.73
4540,17.734
4541,17.738
4542,17.742
4543,17.746
4544,17.75
4545,17.754
4546,17.758
4547,17.762
4548,17.766
4549,17.77
4550,17.773
4551,17.777
4552,17.781
4553,17.785
4554,17.789
4555,17.793
4556,17.797
4557,17.801
4558,17.805
4559,17.809
4560,17.812
4561,17.816
4562,17.82
4563,17.824
4564,17.828
4565,17.832
4566,17.836
4567,17.84
4568,17.844
4569,17.848
4570,17.852
4571,17.855
4572,17.859
4573,17.863
4574,17.867
4575,17.871
4576,17.875
4577,17.879
4578,17.883
4579,17.887
4580,17.891
4581,17.895
4582,17.898
4583,17.902
4584,17.906
4585,17.91
4586,17.914
4587,17.918
4588,17.922
4589,17.926
4590,17.93
4591,17.934
4592,17.938
4593,17.941
4594,17.945
4595,17.949
4596,17.953
4597,17.957
4598,17.961
4599,17.965
4600,17.969
4601,17.973
4602,17.977
4603,17.98
4604,17.984
4605,17.988
4606,17.992
4607,17.996
4608,18.0
4609,18.004
4610,18.008
4611,18.012
4612,18.016
4613,18.02
4614,18.023
4615,18.027
4616,18.031
4617,18.035
4618,18.039
4619,18.043
4620,18.047
4621,18.051
4622,18.055
4623,18.059
4624,18.062
4625,18.066
4626,18.07
4627,18.074
4628,18.078
4629,18.082
4630,18.086
4631,18.09
4632,18.094
4633,18.098
4634,18.102
4635,18.105
4636,18.109
4637,18.113
4638,18.117
4639,18.121
4640,18.125
4641,18.129
4642,18.133
4643,18.137
4644,18.141
4645,18.145
4646,18.148
4647,18.152
4648,18.156
4649,18.16
4650,18.164
4651,18.168
4652,18.172
4653,18.176
4654,18.18
4655,18.184
4656,18.188
4657,18.191
4658,18.195
4659,18.199
4660,18.203
4661,18.207
4662,18.211
4663,18.215
4664,18.219
4665,18.223
4666,18.227
4667,18.23
4668,18.234
4669,18.238
4670,18.242
4671,18.246
4672,18.25
4673,18.254
4674,18.258
4675,18.262
4676,18.266
4677,18.27
4678,18.273
4679,18.277
4680,18.281
4681,18.285
4682,18.289
4683,18.293
4684,18.297
4685,18.301
4686,18.305
4687,18.309
4688,18.312
4689,18.316
4690,18.32
4691,18.324
4692,18.328
4693,18.332
4694,18.336
4695,18.34
4696,18.344
4697,18.348
4698,18.352
4699,18.355
4700,18.359
4701,18.363
4702,18.367
4703,18.371
4704,18.375
4705,18.379
4706,18.383
4707,18.387
4708,18.391
4709,18.395
4710,18.398
4711,18.402
4712,18.406
4713,18.41
4714,18.414
4715,18.418
4716,18.422
4717,18.426
4718,18.43
4719,18.434
4720,18.438
4721,18.441
4722,18.445
4723,18.449
4724,18.453
4725,18.457
4726,18.461
4727,18.465
4728,18.469
4729,18.473
4730,18.477
4731,18.48
4732,18.484
4733,18.488
4734,18.492
4735,18.496
4736,18.5
4737,18.504
4738,18.508
4739,18.512
4740,18.516
4741,18.52
4742,18.523
4743,18.527
4744,18.531
4745,18.535
4746,18.539
4747,18.543
4748,18.547
4749,18.551
4750,18.555
4751,18.559
4752,18.562
4753,18.566
4754,18.57
4755,18.574
4756,18.578
4757,18.582
4758,18.586
4759,18.59
4760,18.594
4761,18.598
4762,18.602
4763,18.605
4764,18.609
4765,18.613
4766,18.617
4767,18.621
4768,18.625
4769,18.629
4770,18.633
4771,18.637
4772,18.641
4773,18.645
4774,18.648
4775,18.652
4776,18.656
4777,18.66
4778,18.664
4779,18.668
4780,18.672
4781,18.676
4782,18.68
4783,18.684
4784,18.688
4785,18.691
4786,18.695
4787,18.699
4788,18.703
4789,18.707
4790,18.711
4791,18.715
4792,18.719
4793,18.723
4794,18.727
4795,18.73
4796,18.734
4797,18.738
4798,18.742
4799,18.746
4800,18.75
4801,18.754
4802,18.758
4803,18.762
4804,18.766
4805,18.77
4806,18.773
4807,18.777
4808,18.781
4809,18.785
4810,18.789
4811,18.793
4812,18.797
4813,18.801
4814,18.805
4815,18.809
4816,18.812
4817,18.816
4818,18.82
4819,18.824
4820,18.828
4821,18.832
4822,18.836
4823,18.84
4824,18.844
4825,18.848
4826,18.852
4827,18.855
4828,18.859
4829,18.863
4830,18.867
4831,18.871
4832,18.875
4833,18.879
4834,18.883
4835,18.887
4836,18.891
4837,18.895
4838,18.898
4839,18.902
4840,18.906
4841,18.91
4842,18.914
4843,18.918
4844,18.922
4845,18.926
4846,18.93
4847,18.934
4848,18.938
4849,18.941
4850,18.945
4851,18.949
4852,18.953
4853,18.957
4854,18.961
4855,18.965
4856,18.969
4857,18.973
4858,18.977
4859,18.98
4860,18.984
4861,18.988
4862,18.992
4863,18.996
4864,19.0
4865,19.004
4866,19.008
4867,19.012
4868,19.016
4869,19.02
4870,19.023
4871,19.027
4872,19.031
4873,19.035
4874,19.039
4875,19.043
4876,19.047
4877,19.051
4878,19.055
4879,19.059
4880,19.062
4881,19.066
4882,19.07
4883,19.074
4884,19.078
4885,19.082
4886,19.086
4887,19.09
4888,19.094
4889,19.098
4890,19.102
4891,19.105
4892,19.109
4893,19.113
4894,19.117
4895,19.121
4896,19.125
4897,19.129
4898,19.133
4899,19.137
4900,19.141
4901,19.145
4902,19.148
4903,19.152
4904,19.156
4905,19.16
4906,19.164
4907,19.168
4908,19.172
4909,19.176
4910,19.18
4911,19.184
4912,19.188
4913,19.191
4914,19.195
4915,19.199
4916,19.203
4917,19.207
4918,19.211
4919,19.215
4920,19.219
4921,19.223
4922,19.227
4923,19.23
4924,19.234
4925,19.238
4926,19.242
4927,19.246
4928,19.25
4929,19.254
4930,19.258
4931,19.262
4932,19.266
4933,19.27
4934,19.273
4935,19.277
4936,19.281
4937,19.285
4938,19.289
4939,19.293
4940,19.297
4941,19.301
4942,19.305
4943,19.309
4944,19.312
4945,19.316
4946,19.32
4947,19.324
4948,19.328
4949,19.332
4950,19.336
4951,19.34
4952,19.344
4953,19.348
4954,19.352
4955,19.355
4956,19.359
4957,19.363
4958,19.367
4959,19.371
4960,19.375
4961,19.379
4962,19.383
4963,19.387
4964,19.391
4965,19.395
4966,19.398
4967,19.402
4968,19.406
4969,19.41
4970,19.414
4971,19.418
4972,19.422
4973,19.426
4974,19.43
4975,19.434
4976,19.438
4977,19.441
4978,19.445
4979,19.449
4980,19.453
4981,19.457
4982,19.461
4983,19.465
4984,19.469
4985,19.473
4986,19.477
4987,19.48
4988,19.484
4989,19.488
4990,19.492
4991,19.496
4992,19.5
4993,19.504
4994,19.508
4995,19.512
4996,19.516
4997,19.52
4998,19.523
4999,19.527
5000,19.531
5001,19.535
5002,19.539
5003,19.543
5004,19.547
5005,19.551
5006,19.555
5007,19.559
5008,19.562
5009,19.566
5010,19.57
5011,19.574
5012,19.578
5013,19.582
5014,19.586
5015,19.59
5016,19.594
5017,19.598
5018,19.602
5019,19.605
5020,19.609
5021,19.613
5022,19.617
5023,19.621
5024,19.625
5025,19.629
5026,19.633
5027,19.637
5028,19.641
5029,19.645
5030,19.648
5031,19.652
5032,19.656
5033,19.66
5034,19.664
5035,19.668
5036,19.672
5037,19.676
5038,19.68
5039,19.684
5040,19.688
5041,19.691
5042,19.695
5043,19.699
5044,19.703
5045,19.707
5046,19.711
5047,19.715
5048,19.719
5049,19.723
5050,19.727
5051,19.73
5052,19.734
5053,19.738
5054,19.742
5055,19.746
5056,19.75
5057,19.754
5058,19.758
5059,19.762
5060,19.766
5061,19.77
5062,19.773
5063,19.777
5064,19.781
5065,19.785
5066,19.789
5067,19.793
5068,19.797
5069,19.801
5070,19.805
5071,19.809
5072,19.812
5073,19.816
5074,19.82
5075,19.824
5076,19.828
5077,19.832
5078,19.836
5079,19.84
5080,19.844
5081,19.848
5082,19.852
5083,19.855
5084,19.859
5085,19.863
5086,19.867
5087,19.871
5088,19.875
5089,19.879
5090,19.883
5091,19.887
5092,19.891
5093,19.895
5094,19.898
5095,19.902
5096,19.906
5097,19.91
5098,19.914
5099,19.918
5100,19.922
5101,19.926
5102,19.93
5103,19.934
5104,19.938
5105,19.941
5106,19.945
5107,19.949
5108,19.953
5109,19.957
5110,19.961
5111,19.965
5112,19.969
5113,19.973
5114,19.977
5115,19.98
5116,19.984
5117,19.988
5118,19.992
5119,19.996
5120,20.0
5121,20.004
5122,20.008
5123,20.012
5124,20.016
5125,20.02
5126,20.023
5127,20.027
5128,20.031
5129,20.035
5130,20.039
5131,20.043
5132,20.047
5133,20.051
5134,20.055
5135,20.059
5136,20.062
5137,20.066
5138,20.07
5139,20.074
5140,20.078
5141,20.082
5142,20.086
5143,20.09
5144,20.094
5145,20.098
5146,20.102
5147,20.105
5148,20.109
5149,20.113
5150,20.117
5151,20.121
5152,20.125
5153,20.129
5154,20.133
5155,20.137
5156,20.141
5157,20.145
5158,20.148
5159,20.152
5160,20.156
5161,20.16
5162,20.164
5163,20.168
5164,20.172
5165,20.176
5166,20.18
5167,20.184
5168,20.188
5169,20.191
5170,20.195
5171,20.199
5172,20.203
5173,20.207
5174,20.211
5175,20.215
5176,20.219
5177,20.223
5178,20.227
5179,20.23
5180,20.234
5181,20.238
5182,20.242
5183,20.246
5184,20.25
5185,20.254
5186,20.258
5187,20.262
5188,20.266
5189,20.27
5190,20.273
5191,20.277
5192,20.281
5193,20.285
5194,20.289
5195,20.293
5196,20.297
5197,20.301
5198,20.305
5199,20.309
5200,20.312
5201,20.316
5202,20.32
5203,20.324
5204,20.328
5205,20.332
5206,20.336
5207,20.34
5208,20.344
5209,20.348
5210,20.352
5211,20.355
5212,20.359
5213,20.363
5214,20.367
5215,20.371
5216,20.375
5217,20.379
5218,20.383
5219,20.387
5220,20.391
5221,20.395
5222,20.398
5223,20.402
5224,20.406
5225,20.41
5226,20.414
5227,20.418
5228,20.422
5229,20.426
5230,20.43
5231,20.434
5232,20.438
5233,20.441
5234,20.445
5235,20.449
5236,20.453
5237,20.457
5238,20.461
5239,20.465
5240,20.469
5241,20.473
5242,20.477
5243,20.48
5244,20.484
5245,20.488
5246,20.492
5247,20.496
5248,20.5
5249,20.504
5250,20.508
5251,20.512
5252,20.516
5253,20.52
5254,20.523
5255,20.527
5256,20.531
5257,20.535
5258,20.539
5259,20.543
5260,20.547
5261,20.551
5262,20.555
5263,20.559
5264,20.562
5265,20.566
5266,20.57
5267,20.574
5268,20.578
5269,20.582
5270,20.586
5271,20.59
5272,20.594
5273,20.598
5274,20.602
5275,20.605
5276,20.609
5277,20.613
5278,20.617
5279,20.621
5280,20.625
5281,20.629
5282,20.633
5283,20.637
5284,20.641
5285,20.645
5286,20.648
5287,20.652
5288,20.656
5289,20.66
5290,20.664
5291,20.668
5292,20.672
5293,20.676
5294,20.68
5295,20.684
5296,20.688
5297,20.691
5298,20.695
5299,20.699
5300,20.703
5301,20.707
5302,20.711
5303,20.715
5304,20.719
5305,20.723
5306,20.727
5307,20.73
5308,20.734
5309,20.738
5310,20.742
5311,20.746
5312,20.75
5313,20.754
5314,20.758
5315,20.762
5316,20.766
5317,20.77
5318,20.773
5319,20.777
5320,20.781
5321,20.785
5322,20.789
5323,20.793
5324,20.797
5325,20.801
5326,20.805
5327,20.809
5328,20.812
5329,20.816
5330,20.82
5331,20.824
5332,20.828
5333,20.832
5334,20.836
5335,20.84
5336,20.844
5337,20.848
5338,20.852
5339,20.855
5340,20.859
5341,20.863
5342,20.867
5343,20.871
5344,20.875
5345,20.879
5346,20.883
5347,20.887
5348,20.891
5349,20.895
5350,20.898
5351,20.902
5352,20.906
5353,20.91
5354,20.914
5355,20.918
5356,20.922
5357,20.926
5358,20.93
5359,20.934
5360,20.938
5361,20.941
5362,20.945
5363,20.949
5364,20.953
5365,20.957
5366,20.961
5367,20.965
5368,20.969
5369,20.973
5370,20.977
5371,20.98
5372,20.984
5373,20.988
5374,20.992
5375,20.996
5376,21.0
5377,21.004
5378,21.008
5379,21.012
5380,21.016
5381,21.02
5382,21.023
5383,21.027
5384,21.031
5385,21.035
5386,21.039
5387,21.043
5388,21.047
5389,21.051
5390,21.055
5391,21.059
5392,21.062
5393,21.066
5394,21.07
5395,21.074
5396,21.078
5397,21.082
5398,21.086
5399,21.09
5400,21.094
5401,21.098
5402,21.102
5403,21.105
5404,21.109
5405,21.113
5406,21.117
5407,21.121
5408,21.125
5409,21.129
5410,21.133
5411,21.137
5412,21.141
5413,21.145
5414,21.148
5415,21.152
5416,21.156
5417,21.16
5418,21.164
5419,21.168
5420,21.172
5421,21.176
5422,21.18
5423,21.184
5424,21.188
5425,21.191
5426,21.195
5427,21.199
5428,21.203
5429,21.207
5430,21.211
5431,21.215
5432,21.219
5433,21.223
5434,21.227
5435,21.23
5436,21.234
5437,21.238
5438,21.242
5439,21.246
5440,21.25
5441,21.254
5442,21.258
5443,21.262
5444,21.266
5445,21.27
5446,21.273
5447,21.277
5448,21.281
5449,21.285
5450,21.289
5451,21.293
5452,21.297
5453,21.301
5454,21.305
5455,21.309
5456,21.312
5457,21.316
5458,21.32
5459,21.324
5460,21.328
5461,21.332
5462,21.336
5463,21.34
5464,21.344
5465,21.348
5466,21.352
5467,21.355
5468,21.359
5469,21.363
5470,21.367
5471,21.371
5472,21.375
5473,21.379
5474,21.383
5475,21.387
5476,21.391
5477,21.395
5478,21.398
5479,21.402
5480,21.406
5481,21.41
5482,21.414
5483,21.418
5484,21.422
5485,21.426
5486,21.43
5487,21.434
5488,21.438
5489,21.441
5490,21.445
5491,21.449
5492,21.453
5493,21.457
5494,21.461
5495,21.465
5496,21.469
5497,21.473
5498,21.477
5499,21.48
5500,21.484
5501,21.488
5502,21.492
5503,21.496
5504,21.5
5505,21.504
5506,21.508
5507,21.512
5508,21.516
5509,21.52
5510,21.523
5511,21.527
5512,21.531
5513,21.535
5514,21.539
5515,21.543
5516,21.547
5517,21.551
5518,21.555
5519,21.559
5520,21.562
5521,21.566
5522,21.57
5523,21.574
5524,21.578
5525,21.582
5526,21.586
5527,21.59
5528,21.594
5529,21.598
5530,21.602
5531,21.605
5532,21.609
5533,21.613
5534,21.617
5535,21.621
5536,21.625
5537,21.629
5538,21.633
5539,21.637
5540,21.641
5541,21.645
5542,21.648
5543,21.652
5544,21.656
5545,21.66
5546,21.664
5547,21.668
5548,21.672
5549,21.676
5550,21.68
5551,21.684
5552,21.688
5553,21.691
5554,21.695
5555,21.699
5556,21.703
5557,21.707
5558,21.711
5559,21.715
5560,21.719
5561,21.723
5562,21.727
5563,21.73
5564,21.734
5565,21.738
5566,21.742
5567,21.746
5568,21.75
5569,21.754
5570,21.758
5571,21.762
5572,21.766
5573,21.77
5574,21.773
5575,21.777
5576,21.781
5577,21.785
5578,21.789
5579,21.793
5580,21.797
5581,21.801
5582,21.805
5583,21.809
5584,21.812
5585,21.816
5586,21.82
5587,21.824
5588,21.828
5589,21.832
5590,21.836
5591,21.84
5592,21.844
5593,21.848
5594,21.852
5595,21.855
5596,21.859
5597,21.863
5598,21.867
5599,21.871
5600,21.875
5601,21.879
5602,21.883
5603,21.887
5604,21.891
5605,21.895
5606,21.898
5607,21.902
5608,21.906
5609,21.91
5610,21.914
5611,21.918
5612,21.922
5613,21.926
5614,21.93
5615,21.934
5616,21.938
5617,21.941
5618,21.945
5619,21.949
5620,21.953
5621,21.957
5622,21.961
5623,21.965
5624,21.969
5625,21.973
5626,21.977
5627,21.98
5628,21.984
5629,21.988
5630,21.992
5631,21.996
5632,22.0
5633,22.004
5634,22.008
5635,22.012
5636,22.016
5637,22.02
5638,22.023
5639,22.027
5640,22.031
5641,22.035
5642,22.039
5643,22.043
5644,22.047
5645,22.051
5646,22.055
5647,22.059
5648,22.062
5649,22.066
5650,22.07
5651,22.074
5652,22.078
5653,22.082
5654,22.086
5655,22.09
5656,22.094
5657,22.098
5658,22.102
5659,22.105
5660,22.109
5661,22.113
5662,22.117
5663,22.121
5664,22.125
5665,22.129
5666,22.133
5667,22.137
5668,22.141
5669,22.145
5670,22.148
5671,22.152
5672,22.156
5673,22.16
5674,22.164
5675,22.168
5676,22.172
5677,22.176
5678,22.18
5679,22.184
5680,22.188
5681,22.191
5682,22.195
5683,22.199
5684,22.203
5685,22.207
5686,22.211
5687,22.215
5688,22.219
5689,22.223
5690,22.227
5691,22.23
5692,22.234
5693,22.238
5694,22.242
5695,22.246
5696,22.25
5697,22.254
5698,22.258
5699,22.262
5700,22.266
5701,22.27
5702,22.273
5703,22.277
5704,22.281
5705,22.285
5706,22.289
5707,22.293
5708,22.297
5709,22.301
5710,22.305
5711,22.309
5712,22.312
5713,22.316
5714,22.32
5715,22.324
5716,22.328
5717,22.332
5718,22.336
5719,22.34
5720,22.344
5721,22.348
5722,22.352
5723,22.355
5724,22.359
5725,22.363
5726,22.367
5727,22.371
5728,22.375
5729,22.379
5730,22.383
5731,22.387
5732,22.391
5733,22.395
5734,22.398
5735,22.402
5736,22.406
5737,22.41
5738,22.414
5739,22.418
5740,22.422
5741,22.426
5742,22.43
5743,22.434
5744,22.438
5745,22.441
5746,22.445
5747,22.449
5748,22.453
5749,22.457
5750,22.461
5751,22.465
5752,22.469
5753,22.473
5754,22.477
5755,22.48
5756,22.484
5757,22.488
5758,22.492
5759,22.496
5760,22.5
5761,22.504
5762,22.508
5763,22.512
5764,22.516
5765,22.52
5766,22.523
5767,22.527
5768,22.531
5769,22.535
5770,22.539
5771,22.543
5772,22.547
5773,22.551
5774,22.555
5775,22.559
5776,22.562
5777,22.566
5778,22.57
5779,22.574
5780,22.578
5781,22.582
5782,22.586
5783,22.59
5784,22.594
5785,22.598
5786,22.602
5787,22.605
5788,22.609
5789,22.613
5790,22.617
5791,22.621
5792,22.625
5793,22.629
5794,22.633
5795,22.637
5796,22.641
5797,22.645
5798,22.648
5799,22.652
5800,22.656
5801,22.66
5802,22.664
5803,22.668
5804,22.672
5805,22.676
5806,22.68
5807,22.684
5808,22.688
5809,22.691
5810,22.695
5811,22.699
5812,22.703
5813,22.707
5814,22.711
5815,22.715
5816,22.719
5817,22.723
5818,22.727
5819,22.73
5820,22.734
5821,22.738
5822,22.742
5823,22.746
5824,22.75
5825,22.754
5826,22.758
5827,22.762
5828,22.766
5829,22.77
5830,22.773
5831,22.777
5832,22.781
5833,22.785
5834,22.789
5835,22.793
5836,22.797
5837,22.801
5838,22.805
5839,22.809
5840,22.812
5841,22.816
5842,22.82
5843,22.824
5844,22.828
5845,22.832
5846,22.836
5847,22.84
5848,22.844
5849,22.848
5850,22.852
5851,22.855
5852,22.859
5853,22.863
5854,22.867
5855,22.871
5856,22.875
5857,22.879
5858,22.883
5859,22.887
5860,22.891
5861,22.895
5862,22.898
5863,22.902
5864,22.906
5865,22.91
5866,22.914
5867,22.918
5868,22.922
5869,22.926
5870,22.93
5871,22.934
5872,22.938
5873,22.941
5874,22.945
5875,22.949
5876,22.953
5877,22.957
5878,22.961
5879,22.965
5880,22.969
5881,22.973
5882,22.977
5883,22.98
5884,22.984
5885,22.988
5886,22.992
5887,22.996
5888,23.0
5889,23.004
5890,23.008
5891,23.012
5892,23.016
5893,23.02
5894,23.023
5895,23.027
5896,23.031
5897,23.035
5898,23.039
5899,23.043
5900,23.047
5901,23.051
5902,23.055
5903,23.059
5904,23.062
5905,23.066
5906,23.07
5907,23.074
5908,23.078
5909,23.082
5910,23.086
5911,23.09
5912,23.094
5913,23.098
5914,23.102
5915,23.105
5916,23.109
5917,23.113
5918,23.117
5919,23.121
5920,23.125
5921,23.129
5922,23.133
5923,23.137
5924,23.141
5925,23.145
5926,23.148
5927,23.152
5928,23.156
5929,23.16
5930,23.164
5931,23.168
5932,23.172
5933,23.176
5934,23.18
5935,23.184
5936,23.188
5937,23.191
5938,23.195
5939,23.199
5940,23.203
5941,23.207
5942,23.211
5943,23.215
5944,23.219
5945,23.223
5946,23.227
5947,23.23
5948,23.234
5949,23.238
5950,23.242
5951,23.246
5952,23.25
5953,23.254
5954,23.258
5955,23.262
5956,23.266
5957,23.27
5958,23.273
5959,23.277
5960,23.281
5961,23.285
5962,23.289
5963,23.293
5964,23.297
5965,23.301
5966,23.305
5967,23.309
5968,23.312
5969,23.316
5970,23.32
5971,23.324
5972,23.328
5973,23.332
5974,23.336
5975,23.34
5976,23.344
5977,23.348
5978,23.352
5979,23.355
5980,23.359
5981,23.363
5982,23.367
5983,23.371
5984,23.375
5985,23.379
5986,23.383
5987,23.387
5988,23.391
5989,23.395
5990,23.398
5991,23.402
5992,23.406
5993,23.41
5994,23.414
5995,23.418
5996,23.422
5997,23.426
5998,23.43
5999,23.434
6000,23.438
6001,23.441
6002,23.445
6003,23.449
6004,23.453
6005,23.457
6006,23.461
6007,23.465
6008,23.469
6009,23.473
6010,23.477
6011,23.48
6012,23.484
6013,23.488
6014,23.492
6015,23.496
6016,23.5
6017,23.504
6018,23.508
6019,23.512
6020,23.516
6021,23.52
6022,23.523
6023,23.527
6024,23.531
6025,23.535
6026,23.539
6027,23.543
6028,23.547
6029,23.551
6030,23.555
6031,23.559
6032,23.562
6033,23.566
6034,23.57
6035,23.574
6036,23.578
6037,23.582
6038,23.586
6039,23.59
6040,23.594
6041,23.598
6042,23.602
6043,23.605
6044,23.609
6045,23.613
6046,23.617
6047,23.621
6048,23.625
6049,23.629
6050,23.633
6051,23.637
6052,23.641
6053,23.645
6054,23.648
6055,23.652
6056,23.656
6057,23.66
6058,23.664
6059,23.668
6060,23.672
6061,23.676
6062,23.68
6063,23.684
6064,23.688
6065,23.691
6066,23.695
6067,23.699
6068,23.703
6069,23.707
6070,23.711
6071,23.715
6072,23.719
6073,23.723
6074,23.727
6075,23.73
6076,23.734
6077,23.738
6078,23.742
6079,23.746
6080,23.75
6081,23.754
6082,23.758
6083,23.762
6084,23.766
6085,23.77
6086,23.773
6087,23.777
6088,23.781
6089,23.785
6090,23.789
6091,23.793
6092,23.797
6093,23.801
6094,23.805
6095,23.809
6096,23.812
6097,23.816
6098,23.82
6099,23.824
6100,23.828
6101,23.832
6102,23.836
6103,23.84
6104,23.844
6105,23.848
6106,23.852
6107,23.855
6108,23.859
6109,23.863
6110,23.867
6111,23.871
6112,23.875
6113,23.879
6114,23.883
6115,23.887
6116,23.891
6117,23.895
6118,23.898
6119,23.902
6120,23.906
6121,23.91
6122,23.914
6123,23.918
6124,23.922
6125,23.926
6126,23.93
6127,23.934
6128,23.938
6129,23.941
6130,23.945
6131,23.949
6132,23.953
6133,23.957
6134,23.961
6135,23.965
6136,23.969
6137,23.973
6138,23.977
6139,23.98
6140,23.984
6141,23.988
6142,23.992
6143,23.996
6144,24.0
6145,24.004
6146,24.008
6147,24.012
6148,24.016
6149,24.02
6150,24.023
6151,24.027
6152,24.031
6153,24.035
6154,24.039
6155,24.043
6156,24.047
6157,24.051
6158,24.055
6159,24.059
6160,24.062
6161,24.066
6162,24.07
6163,24.074
6164,24.078
6165,24.082
6166,24.086
6167,24.09
6168,24.094
6169,24.098
6170,24.102
6171,24.105
6172,24.109
6173,24.113
6174,24.117
6175,24.121
6176,24.125
6177,24.129
6178,24.133
6179,24.137
6180,24.141
6181,24.145
6182,24.148
6183,24.152
6184,24.156
6185,24.16
6186,24.164
6187,24.168
6188,24.172
6189,24.176
6190,24.18
6191,24.184
6192,24.188
6193,24.191
6194,24.195
6195,24.199
6196,24.203
6197,24.207
6198,24.211
6199,24.215
6200,24.219
6201,24.223
6202,24.227
6203,24.23
6204,24.234
6205,24.238
6206,24.242
6207,24.246
6208,24.25
6209,24.254
6210,24.258
6211,24.262
6212,24.266
6213,24.27
6214,24.273
6215,24.277
6216,24.281
6217,24.285
6218,24.289
6219,24.293
6220,24.297
6221,24.301
6222,24.305
6223,24.309
6224,24.312
6225,24.316
6226,24.32
6227,24.324
6228,24.328
6229,24.332
6230,24.336
6231,24.34
6232,24.344
6233,24.348
6234,24.352
6235,24.355
6236,24.359
6237,24.363
6238,24.367
6239,24.371
6240,24.375
6241,24.379
6242,24.383
6243,24.387
6244,24.391
6245,24.395
6246,24.398
6247,24.402
6248,24.406
6249,24.41
6250,24.414
6251,24.418
6252,24.422
6253,24.426
6254,24.43
6255,24.434
6256,24.438
6257,24.441
6258,24.445
6259,24.449
6260,24.453
6261,24.457
6262,24.461
6263,24.465
6264,24.469
6265,24.473
6266,24.477
6267,24.48
6268,24.484
6269,24.488
6270,24.492
6271,24.496
6272,24.5
6273,24.504
6274,24.508
6275,24.512
6276,24.516
6277,24.52
6278,24.523
6279,24.527
6280,24.531
6281,24.535
6282,24.539
6283,24.543
6284,24.547
6285,24.551
6286,24.555
6287,24.559
6288,24.562
6289,24.566
6290,24.57
6291,24.574
6292,24.578
6293,24.582
6294,24.586
6295,24.59
6296,24.594
6297,24.598
6298,24.602
6299,24.605
6300,24.609
6301,24.613
6302,24.617
6303,24.621
6304,24.625
6305,24.629
6306,24.633
6307,24.637
6308,24.641
6309,24.645
6310,24.648
6311,24.652
6312,24.656
6313,24.66
6314,24.664
6315,24.668
6316,24.672
6317,24.676
6318,24.68
6319,24.684
6320,24.688
6321,24.691
6322,24.695
6323,24.699
6324,24.703
6325,24.707
6326,24.711
6327,24.715
6328,24.719
6329,24.723
6330,24.727
6331,24.73
6332,24.734
6333,24.738
6334,24.742
6335,24.746
6336,24.75
6337,24.754
6338,24.758
6339,24.762
6340,24.766
6341,24.77
6342,24.773
6343,24.777
6344,24.781
6345,24.785
6346,24.789
6347,24.793
6348,24.797
6349,24.801
6350,24.805
6351,24.809
6352,24.812
6353,24.816
6354,24.82
6355,24.824
6356,24.828
6357,24.832
6358,24.836
6359,24.84
6360,24.844
6361,24.848
6362,24.852
6363,24.855
6364,24.859
6365,24.863
6366,24.867
6367,24.871
6368,24.875
6369,24.879
6370,24.883
6371,24.887
6372,24.891
6373,24.895
6374,24.898
6375,24.902
6376,24.906
6377,24.91
6378,24.914
6379,24.918
6380,24.922
6381,24.926
6382,24.93
6383,24.934
6384,24.938
6385,24.941
6386,24.945
6387,24.949
6388,24.953
6389,24.957
6390,24.961
6391,24.965
6392,24.969
6393,24.973
6394,24.977
6395,24.98
6396,24.984
6397,24.988
6398,24.992
6399,24.996
6400,25.0
6401,25.004
6402,25.008
6403,25.012
6404,25.016
6405,25.02
6406,25.023
6407,25.027
6408,25.031
6409,25.035
6410,25.039
6411,25.043
6412,25.047
6413,25.051
6414,25.055
6415,25.059
6416,25.062
6417,25.066
6418,25.07
6419,25.074
6420,25.078
6421,25.082
6422,25.086
6423,25.09
6424,25.094
6425,25.098
6426,25.102
6427,25.105
6428,25.109
6429,25.113
6430,25.117
6431,25.121
6432,25.125
6433,25.129
6434,25.133
6435,25.137
6436,25.141
6437,25.145
6438,25.148
6439,25.152
6440,25.156
6441,25.16
6442,25.164
6443,25.168
6444,25.172
6445,25.176
6446,25.18
6447,25.184
6448,25.188
6449,25.191
6450,25.195
6451,25.199
6452,25.203
6453,25.207
6454,25.211
6455,25.215
6456,25.219
6457,25.223
6458,25.227
6459,25.23
6460,25.234
6461,25.238
6462,25.242
6463,25.246
6464,25.25
6465,25.254
6466,25.258
6467,25.262
6468,25.266
6469,25.27
6470,25.273
6471,25.277
6472,25.281
6473,25.285
6474,25.289
6475,25.293
6476,25.297
6477,25.301
6478,25.305
6479,25.309
6480,25.312
6481,25.316
6482,25.32
6483,25.324
6484,25.328
6485,25.332
6486,25.336
6487,25.34
6488,25.344
6489,25.348
6490,25.352
6491,25.355
6492,25.359
6493,25.363
6494,25.367
6495,25.371
6496,25.375
6497,25.379
6498,25.383
6499,25.387
6500,25.391
6501,25.395
6502,25.398
6503,25.402
6504,25.406
6505,25.41
6506,25.414
6507,25.418
6508,25.422
6509,25.426
6510,25.43
6511,25.434
6512,25.438
6513,25.441
6514,25.445
6515,25.449
6516,25.453
6517,25.457
6518,25.461
6519,25.465
6520,25.469
6521,25.473
6522,25.477
6523,25.48
6524,25.484
6525,25.488
6526,25.492
6527,25.496
6528,25.5
6529,25.504
6530,25.508
6531,25.512
6532,25.516
6533,25.52
6534,25.523
6535,25.527
6536,25.531
6537,25.535
6538,25.539
6539,25.543
6540,25.547
6541,25.551
6542,25.555
6543,25.559
6544,25.562
6545,25.566
6546,25.57
6547,25.574
6548,25.578
6549,25.582
6550,25.586
6551,25.59
6552,25.594
6553,25.598
6554,25.602
6555,25.605
6556,25.609
6557,25.613
6558,25.617
6559,25.621
6560,25.625
6561,25.629
6562,25.633
6563,25.637
6564,25.641
6565,25.645
6566,25.648
6567,25.652
6568,25.656
6569,25.66
6570,25.664
6571,25.668
6572,25.672
6573,25.676
6574,25.68
6575,25.684
6576,25.688
6577,25.691
6578,25.695
6579,25.699
6580,25.703
6581,25.707
6582,25.711
6583,25.715
6584,25.719
6585,25.723
6586,25.727
6587,25.73
6588,25.734
6589,25.738
6590,25.742
6591,25.746
6592,25.75
6593,25.754
6594,25.758
6595,25.762
6596,25.766
6597,25.77
6598,25.773
6599,25.777
6600,25.781
6601,25.785
6602,25.789
6603,25.793
6604,25.797
6605,25.801
6606,25.805
6607,25.809
6608,25.812
6609,25.816
6610,25.82
6611,25.824
6612,25.828
6613,25.832
6614,25.836
6615,25.84
6616,25.844
6617,25.848
6618,25.852
6619,25.855
6620,25.859
6621,25.863
6622,25.867
6623,25.871
6624,25.875
6625,25.879
6626,25.883
6627,25.887
6628,25.891
6629,25.895
6630,25.898
6631,25.902
6632,25.906
6633,25.91
6634,25.914
6635,25.918
6636,25.922
6637,25.926
6638,25.93
6639,25.934
6640,25.938
6641,25.941
6642,25.945
6643,25.949
6644,25.953
6645,25.957
6646,25.961
6647,25.965
6648,25.969
6649,25.973
6650,25.977
6651,25.98
6652,25.984
6653,25.988
6654,25.992
6655,25.996
6656,26.0
6657,26.004
6658,26.008
6659,26.012
6660,26.016
6661,26.02
6662,26.023
6663,26.027
6664,26.031
6665,26.035
6666,26.039
6667,26.043
6668,26.047
6669,26.051
6670,26.055
6671,26.059
6672,26.062
6673,26.066
6674,26.07
6675,26.074
6676,26.078
6677,26.082
6678,26.086
6679,26.09
6680,26.094
6681,26.098
6682,26.102
6683,26.105
6684,26.109
6685,26.113
6686,26.117
6687,26.121
6688,26.125
6689,26.129
6690,26.133
6691,26.137
6692,26.141
6693,26.145
6694,26.148
6695,26.152
6696,26.156
6697,26.16
6698,26.164
6699,26.168
6700,26.172
6701,26.176
6702,26.18
6703,26.184
6704,26.188
6705,26.191
6706,26.195
6707,26.199
6708,26.203
6709,26.207
6710,26.211
6711,26.215
6712,26.219
6713,26.223
6714,26.227
6715,26.23
6716,26.234
6717,26.238
6718,26.242
6719,26.246
6720,26.25
6721,26.254
6722,26.258
6723,26.262
6724,26.266
6725,26.27
6726,26.273
6727,26.277
6728,26.281
6729,26.285
6730,26.289
6731,26.293
6732,26.297
6733,26.301
6734,26.305
6735,26.309
6736,26.312
6737,26.316
6738,26.32
6739,26.324
6740,26.328
6741,26.332
6742,26.336
6743,26.34
6744,26.344
6745,26.348
6746,26.352
6747,26.355
6748,26.359
6749,26.363
6750,26.367
6751,26.371
6752,26.375
6753,26.379
6754,26.383
6755,26.387
6756,26.391
6757,26.395
6758,26.398
6759,26.402
6760,26.406
6761,26.41
6762,26.414
6763,26.418
6764,26.422
6765,26.426
6766,26.43
6767,26.434
6768,26.438
6769,26.441
6770,26.445
6771,26.449
6772,26.453
6773,26.457
6774,26.461
6775,26.465
6776,26.469
6777,26.473
6778,26.477
6779,26.48
6780,26.484
6781,26.488
6782,26.492
6783,26.496
6784,26.5
6785,26.504
6786,26.508
6787,26.512
6788,26.516
6789,26.52
6790,26.523
6791,26.527
6792,26.531
6793,26.535
6794,26.539
6795,26.543
6796,26.547
6797,26.551
6798,26.555
6799,26.559
6800,26.562
6801,26.566
6802,26.57
6803,26.574
6804,26.578
6805,26.582
6806,26.586
6807,26.59
6808,26.594
6809,26.598
6810,26.602
6811,26.605
6812,26.609
6813,26.613
6814,26.617
6815,26.621
6816,26.625
6817,26.629
6818,26.633
6819,26.637
6820,26.641
6821,26.645
6822,26.648
6823,26.652
6824,26.656
6825,26.66
6826,26.664
6827,26.668
6828,26.672
6829,26.676
6830,26.68
6831,26.684
6832,26.688
6833,26.691
6834,26.695
6835,26.699
6836,26.703
6837,26.707
6838,26.711
6839,26.715
6840,26.719
6841,26.723
6842,26.727
6843,26.73
6844,26.734
6845,26.738
6846,26.742
6847,26.746
6848,26.75
6849,26.754
6850,26.758
6851,26.762
6852,26.766
6853,26.77
6854,26.773
6855,26.777
6856,26.781
6857,26.785
6858,26.789
6859,26.793
6860,26.797
6861,26.801
6862,26.805
6863,26.809
6864,26.812
6865,26.816
6866,26.82
6867,26.824
6868,26.828
6869,26.832
6870,26.836
6871,26.84
6872,26.844
6873,26.848
6874,26.852
6875,26.855
6876,26.859
6877,26.863
6878,26.867
6879,26.871
6880,26.875
6881,26.879
6882,26.883
6883,26.887
6884,26.891
6885,26.895
6886,26.898
6887,26.902
6888,26.906
6889,26.91
6890,26.914
6891,26.918
6892,26.922
6893,26.926
6894,26.93
6895,26.934
6896,26.938
6897,26.941
6898,26.945
6899,26.949
6900,26.953
6901,26.957
6902,26.961
6903,26.965
6904,26.969
6905,26.973
6906,26.977
6907,26.98
6908,26.984
6909,26.988
6910,26.992
6911,26.996
6912,27.0
6913,27.004
6914,27.008
6915,27.012
6916,27.016
6917,27.02
6918,27.023
6919,27.027
6920,27.031
6921,27.035
6922,27.039
6923,27.043
6924,27.047
6925,27.051
6926,27.055
6927,27.059
6928,27.062
6929,27.066
6930,27.07
6931,27.074
6932,27.078
6933,27.082
6934,27.086
6935,27.09
6936,27.094
6937,27.098
6938,27.102
6939,27.105
6940,27.109
6941,27.113
6942,27.117
6943,27.121
6944,27.125
6945,27.129
6946,27.133
6947,27.137
6948,27.141
6949,27.145
6950,27.148
6951,27.152
6952,27.156
6953,27.16
6954,27.164
6955,27.168
6956,27.172
6957,27.176
6958,27.18
